,Location
0,Runda
1,Kilimani
2,Westlands
3,Westlands
4,Riverside
5,Kilimani
6,Runda
7,Kitisuru
8,Lavington
9,Kitisuru
10,Brookside
11,Spring
12,Westlands
13,Near
15,Aboretum
16,Runda
18,Lavington
19,Runda
20,Lower
21,Off
22,Karen
23,Church
24,Lavington
25,Nairobi
26,Westlands
27,Kilimani
28,Peponi
29,Thika
30,Dik
32,Westlands
33,Othaya
34,Kileleshwa
35,Riverside
36,Othaya
39,Riverside
40,Karen
41,Lavington
42,Lavington
43,Mombasa
44,General
45,Kilimani
46,Kolobot
47,Kilimani
48,Lavington
49,Parklands
50,Peponi
51,Lavington
52,Kitisuru
53,Riverside
54,Runda
55,Spring
56,Kileleshwa
57,Rhapta
58,Usd
59,Kilimani
60,Karen
61,Mombasa
62,Muthangari
63,Mombasa
64,Kitisuru
66,Nyari
67,Lavington
68,Kilimani
69,Church
70,Moi
71,Dennis
72,Hardy
73,Kilimani
74,Kileleshwa
75,Westlands
76,Off
77,Muthaiga
78,Nyari
79,Upper
80,Rosslyn
81,Kilimani
82,Kitisuru
83,Runda
84,Dikdik
85,Spring
86,Westlands
87,Kabete
88,Westlands
89,Kilimani
90,Mountain
91,Kiambu
92,Kileleshwa
93,Runda
94,Lavington
95,Kilimani
96,Kileleshwa
97,Rosslyn
98,Kilimani
99,Gigiri
100,Muthaiga
101,Kitisuru
102,Miotoni
103,Runda
104,Westlands
105,Nyangumi
106,Brookside
107,Westlands
108,Riara
109,Lavington
110,Spring
111,Karen
112,Rhapta
113,Runda
114,Rhapta
115,Runda
116,Thika
118,Mombasa
119,Kilimani
120,Spring
121,Yaya
122,Lowerkabete
124,Kindaruma
125,Kileleshwa
126,Kuro
127,Runda
128,Westlands
129,General
130,Riverside
131,Lavington
132,Wood-avenue
133,Lavington
134,Riara
135,Two
136,Riverside
137,Westlands
138,Karen
139,Church
140,Runda
141,Waiyaki
142,Rosslyn
143,Kihigo
144,Westlands
145,Red
146,Kiambu
147,Riverside
148,Waiyaki
149,Loresho
150,Gigiri
151,Donyo
152,Mombasa
153,Lavington
154,Nyari
155,Lavington
156,Kilimani
157,Mombasa
158,Riverside
159,Lavington
160,Riverside
161,Lavington
162,Westlands
163,Kisembe
164,Parklands
165,Westlands
166,Muthaiga
167,Runda
168,Westlands
169,Kileleshwa
170,Lavington
171,Riverside
172,Westlands
173,Runda
174,Karen
176,Riverside
177,Nyari
178,Karen
179,Upper
180,Brookside
181,General
182,Westlands
183,Kileleshwa
184,Industrial
185,Runda
186,Lavington
187,Mombasa
188,Lavington
189,Brookside
190,Kileleshwa
191,Muthaiga
193,Kileleshwa
194,Parklands
195,Nyari
196,Off
199,Runda
200,Lavington
201,Mugumo
202,Kilimani
203,Runda
205,Brookside
206,Lavington
207,Muthaiga
208,Kileleshwa
209,Kiambu
210,Runda
211,Lakeview
212,Spring
213,General
214,Rhapta
215,Riverside
216,Muthaiga
217,Kiambu
218,Lower
219,Riverside
220,Lavington
221,Lavington
222,Kilimani
223,Spring
224,Lavington
225,Waiyaki
226,Westlands
227,Lower
228,Parklands
229,Kilimani
231,Westlands
232,Limuru
234,Lavington
235,Kileleshwa
236,Spring
237,Runda
238,Peponi
239,Kileleshwa
240,Spring
241,Muthaiga
242,Westlands
244,Zagoretti
245,Kileleshwa
246,Near
247,Spring
248,Karen
249,Kiambu
250,Muthaiga
251,Valley
252,Westlands
253,Kilimani
254,Kilimani
255,Kilimani
256,Mombasa
257,Runda
258,Mombasa
259,Runda
260,Suguta
261,Gigiri
262,Raphta
263,Karen
264,Kilimani
265,Lower
266,Kileleshwa
268,Parklands
269,Runda
270,Ring
271,Lavington
272,Westlands
273,Lavington
274,Parklands
275,Riverside
276,Industrial
277,Peponi
278,Kitisuru
279,Kileleshwa
280,Westlands
281,Kyuna
282,Kirichwa
283,Runda
284,Karen
285,Kiambu
286,Kileleshwa
287,Westlands
288,Kilimani
289,Lavington
290,Lavington
291,Bongani
292,Westlands
293,City
295,Kitusuru
296,Kilimani
297,Lavington
298,Runda
299,Lavington
300,Kilimani
301,Limuru
302,Kitisuru
303,Lower
304,Garden
305,Kerarapon
306,Kilimani
307,Kileleshwa
308,Mpaka
309,Westlands
310,Kileleshwa
311,Kiambu
312,Kileleshwa
313,Lavington
314,Muthangari
315,Rosslyn
316,Dagoretti
317,Kitisuru
318,Karen
320,Parklands
321,Parklands
322,Gatundu
323,Kilimani
324,Runda
325,Riverside
326,Riverside
327,Karen
328,Runda
329,Riverside
330,Kamulu
331,Kitusuru
332,Kileleshwa
333,Runda
334,Lavington
335,Kileleshwa
336,Industrial
337,Kitisuru
338,Kiambu
339,Rossyln
340,Parklands
342,Off
343,Kileleshwa
344,Phase
345,Kileleshwa
346,Lavington
347,Loresho
348,Westlands
349,Muthangari
350,New
353,Runda
354,Kitisuru
355,Westlands
356,Brookside
357,Kilimani
358,Riverside
359,Lower
360,Kileleshwa
361,Raphta
362,Makueni
363,Runda
364,Kilimani
366,Kileleshwa
367,Muthaiga
368,Kileleshwa
369,Kileleshwa
370,Lavington
371,Loresho
372,Brookside
373,Riverside
374,Dagoretti
375,Peponi
376,Lavington
377,Kilimani
378,Karen
379,Westlands
380,Riverside
381,Rosslyn
383,Kabasiran
384,Hatheru
385,Rhapta
386,Kilimani
387,Muteero
388,Waiyaki
389,Lavington
390,Mombasa
391,General
392,Rosslyn
393,Karen
394,Wood
395,Lower
396,Kilimani
397,Kilimani
398,Kilimani
399,Riverside
400,Riverside
401,Runda
402,Kilimani
403,Mukoma
404,Rhapta
405,Riverside
406,Kileleshwa
407,Grevellia
408,Tende
410,Riverside
411,Kilimani
412,Marula
413,Lavington
414,Karen
415,Westlands
416,Karen
417,Kilimani
418,United
419,Nairobi
420,Rosslyn
421,Lavington
422,Kilimani
423,Lavington
425,Kileleshwa
426,Kilimani
427,Rosslyn
429,Off
430,Church
431,Kyuna
432,Lavington
433,Spring
435,Westlands
436,Brookside
437,Maziwa
438,General
439,Miotoni
440,Loresho
441,Lavington
442,Muthaiga
443,Kileleshwa
444,32
445,Thigiri
446,Dagoretti
447,Two
448,Raphta
449,Lantana
450,Runda
451,Runda
452,Kiambu
453,Riverside
454,Kilimani
455,Riverside
456,Westlands
457,Kilimani
458,6
459,Bogani
460,Kilimani
461,City
462,Westlands
463,Kilimani
464,Industrial
465,Rhapta
466,Kilimani
467,Rosslyn
468,Runda
469,Donyo
470,Westlands
471,Westlands
472,Lavington
473,Denis
474,Langata
475,Westlands
476,Upper
478,Kitisuru
479,Runda
480,Kitisuru
481,N/a
482,Matundu
484,Runda
485,Lavington
486,Lavington
487,Lavington
488,Westlands
489,Parklands
490,Lavington
491,Riverside
492,Westlands
493,Riverside
494,Off
495,Lavington
496,Lower
497,Runda
498,Parklands
499,Nyari
500,Kilimani
501,Mutero
502,Lavington
503,Bomas
504,Kileleshwa
505,Gigiri
506,Chalbi
507,Riverside
508,Riverside
509,Riverside
510,Karen
511,Peponi
512,Karura
514,Rosslyn
515,General
516,Runda
517,Windy
518,Peponi
519,Kileleshwa
520,Kileleshwa
521,Nyari
522,Miotoni
523,Kiambu
524,Gigiri
526,Westlands
527,Parklands
528,Kilimani
529,Karen
530,Kieleshwa
532,Lavington
533,Lavinghton
534,Westlands
535,Westlands
536,General
537,Rosslyn
538,Paradise
539,Runda
540,Riverside
541,Kiambu
542,Spring
543,Kileleshwa
544,Runda
545,Marula
546,Muthaiga
547,General
548,Kilimani
549,Kileleshwa
551,Karen
552,Waiyaki
553,Spring
554,Siaya
555,Kileleshwa
556,Upperhill
557,Kitisuru
558,Nyari
559,Kileleshwa
560,Spring
561,Lower
562,Lower
563,Othaya
564,Off
565,Westlands
566,Kiambu
567,General
568,Karen
570,Kileleshwa
571,Kitisuru
572,Brookside
573,Riverside
574,Fourways
576,Muthaiga
577,Kiambu
578,Thika
579,Kitisuru
580,Lavington
581,Lavington
582,Rhapta
584,Karen
585,Lavington
586,Waiyaki
587,Runda
588,Rhapta
590,Loresho
591,Runda
592,Westlands
593,Langata
594,Westlands
595,Kilimani
596,School
597,Kileleshwa
598,Kileleshwa
599,Karen
600,Gigiri
601,Kyuna
602,Muthangari
603,Hardy
604,Runda
605,Runda
607,Miotoni
608,Muthaiga
609,Ruaraka
610,Kilimani
611,Kilimani
612,Kiambu
613,Lavington
614,Lavington
615,Whisper
616,Kilimani
617,Kiambu
619,Lavington
620,Runda
621,Westlands
623,Lavington
624,Mombasa
625,Brookside
627,Lower
628,Runda
629,Waiyaki
630,Riverside
631,Westlands
632,Riverside
633,Kitisuru
634,Peponi
635,Kileleshwa
636,Lavington
637,Rhapta
638,Rosslyn
639,Muthaiga
640,Kifaru
641,Mimosa
642,Riverside
643,Mombasa
644,Gigiri
646,Lavington
647,Runda
648,Kileleshwa
650,Brookside
651,Ojijo
653,Kileleshwa
654,Kiambere
655,Kilimani
657,Parklands
658,Spring
660,Westlands
661,Ridgeways
662,Lavington
664,Westlands
665,Westlands
666,Kilimani
667,Riverside
668,Lavington
669,Kileleshwa
670,Muthangari
671,School
672,City
673,Kileleshwa
674,Kilimani
675,Mombasa
676,Karen
677,Riverside
678,Hurlingham
679,Riverside
680,Lavington
681,Kilimani
682,Lower
683,Kiambu
684,Runda
685,Westlands
689,Parklands
690,Peponi
691,Runda
692,Kileleshwa
693,Upper
694,Kilimani
695,Park
696,Kilimani
697,Westlands
698,Kiambere
699,Runda
700,Karen
701,Panafric
703,Langata
704,Runda
705,Kiambu
706,Kitisuru
707,Lavington
708,Off
709,Mumwe
710,Westlands
711,Runda
712,Karen
713,Lavington
714,Nyari
715,Kileleshwa
716,Westlands
718,Kileleshwa
720,Gigiri
721,Mombasa
722,Kiambu
723,Nyari
724,Mombasa
725,Raphta
726,Off
727,Loresho
728,Parklands
729,Othaya
730,Kileleshwa
731,Karen
732,Westlands
733,Dagoretti
734,Lavington
735,Riverside
736,Lavington
737,Kileleshwa
738,Lavington
739,Kiambu
740,Westlands
741,Off
742,Mkungu
743,Lavington
744,Lavington
745,Kilimani
746,Kileleshwa
748,Runda
749,Maziwa
750,Nyari
751,Kiambere
752,Off
753,Runda
754,Westlands
755,Nyari
756,Kileleshwa
757,Lavington
758,Runda
759,Kitisuru
760,Riverside
761,Waiyaki
762,Kiambu
763,Westlands
764,Riverside
766,Lavington
767,Ngong
768,Runda
769,Lavington
770,Nyari
771,Lavington
772,Westlands
774,Valley
776,Westlands
777,Westlands
778,Lavington
779,Kileleshwa
780,Kikambala
781,Kileleshwa
782,Kilimani
784,Riverside
785,Muthaiga
786,Brookside
787,Westlands
788,Riverside
789,Waiyaki
790,Kilimani
791,Lavington
793,Kiambu
794,Loresho
795,Karen
796,Parklands
797,Rosslyn
798,Lower
799,Moi
800,Rosslyn
801,Kilimani
802,Kileleshwa
803,Lavington
804,Kilimani
805,Kilimani
806,Lower
807,Westlands
809,Waiyaki
810,Lavington
811,Westlands
812,Kileleshwa
813,Loresho
814,Lower
815,Ridgeways
816,Kileleshwa
817,Ruaraka
818,Kilimani
819,Kilimani
820,Kilimani
821,Lavighton
822,Lunga
823,Kilimani
824,Rosslyn
825,Runda
826,Kitisuru
827,Karen
828,Kilimani
829,Livingston
830,Lakeview
832,Kiambu
833,Kikambala
834,Rosslyn
835,Runda
836,Lavington
837,Westlands
838,Convent
839,Kileleshwa
840,Riverside
841,Kiambu
842,General
843,Loresho
844,Kilimani
845,Westlands
846,Runda
848,Riverside
849,Westlands
851,Lavington
852,Westlands
853,Panafric
854,Brookside
855,Kiambu
856,Parkland
857,Westlands
858,Runda
859,Lavington
860,Westlands
861,Kilimani
862,Runda
863,Ruaka
864,Lavington
865,Kiambu
867,Runda
868,Spring
869,Gigiri
870,Rosslyn
871,Dik
872,Kileleshwa
873,Rapta
874,Spring
875,Waiyaki
876,Nyari
877,Marist
878,Karen
879,Kiambu
880,Kilimani
881,Brookside
882,Westlands
883,Spring
884,Rosslyn
885,Kileleshwa
886,Kiambu
887,Gigiri
888,Kileleshwa
890,Lavington
891,Bomas
892,Westlands
894,Bomas
895,Riverside
896,Westlands
897,Olkejuod
898,Riverside
899,Old
900,Riverside
901,Peponi
903,Karen
904,Lower
905,Kilimani
906,Thika
907,Kitisuru
908,Kilimani
909,Lavington
911,Kitisuru
912,Runda
913,Kilimani
914,Lower
915,Nyari
916,Kilimani
917,Kiambu
918,Mombasa
919,Westlands
920,Riverside
921,Kileleshwa
922,Karen
923,Brookside
924,Riverside
926,Lavington
927,Rhapta
928,Kileleshwa
929,Runda
930,Limuru
931,Runda
932,Westlands
933,Near
934,Runda
935,Mountain
936,Runda
937,Westlands
938,Kilimani
939,Kilimani
940,Waiyaki
941,Kileleshwa
942,Kileleshwa
943,Kilimani
944,Highridge
945,Runda
946,Karen
947,Runda
948,Kilimani
949,Old
950,Riverside
951,Lavington
952,Kiambu
953,Karen
954,Kileleshwa
956,Lavington
957,Upper
958,Kiambu
959,Mimosa
960,Shopping
961,Kileleshwa
962,Westlands
963,Westlands
964,Westlands
966,Kilimani
967,Parklands
968,Mugoiri
969,Lavington
970,Riverside
971,Off
972,Kileleshwa
974,Kilimani
975,Kilimani
976,Kiambu
977,Dennis
978,Dubai
979,Lavington
980,Riverside
981,Ngong
982,Kinanda
983,Limuru
984,Westlands
985,Kileleshwa
986,Bogani
987,Kileleshwa
988,Riverside
989,General
990,Lower
991,Kilimani
992,Ruaraka
993,General
994,Riara
996,Madaraka
997,Thigiri
998,Kilimani
999,Lavington
1000,Kileleshwa
1002,Kiambu
1003,Kes
1004,Karen
1005,Karen
1006,Lavington
1007,Kitisuru
1008,Riverside
1009,Lavington
1010,Fourways
1011,Mombasa
1012,Karen
1013,Lavington
1014,Mombasa
1015,Lavington
1016,Kitisuru
1017,Exit
1018,Karen
1020,Westlands
1021,Valley
1022,Rhapta
1024,Kilimani
1025,Kileleshwa
1026,Karen
1027,Yaya
1028,Muthaiga
1029,Kileleshwa
1030,Mimosa
1031,Kilimani
1032,Kilimani
1033,Bongani
1034,Upper
1035,Runda
1036,Gigiri
1037,Lantana
1038,Karen
1039,Brookside
1040,Lavington
1041,Kiambu
1042,Muthaiga
1043,Peponi
1044,Westlands
1045,Karen
1047,Arqwing
1048,Gigiri
1049,Muthaiga
1050,Peponi
1051,Westland
1052,Kileleshwa
1053,Mkungu
1054,Bomas
1056,Industrial
1057,Mombasa
1059,Mombasa
1060,Riverside
1061,Runda
1062,Kilimani
1063,Runda
1064,Kiambu
1065,Lavington
1066,Kileleshwa
1067,Riverside
1068,Kiambu
1069,Lavington
1070,Upper
1072,Riverside
1073,Lenana
1074,Gigiri
1075,Karen
1077,Nyari
1078,Baba
1079,Kitisuru
1080,Kilimani
1081,Lavington
1082,Runda
1083,Kiambu
1084,Westlands
1085,River
1086,Parklands
1087,Spring
1088,Rhapta
1090,Westlands
1091,Kiambu
1092,Kileleshwa
1093,Mombasa
1094,Karen
1095,Kiambu
1096,Off
1097,Riverside
1098,Facing
1099,Lavington
1100,Mogotio
1101,Runda
1102,Kilimani
1103,Wes
1104,Kilimani
1105,Kiambu
1107,Lavington
1108,Westlands
1109,Spring
1110,Kilimani
1111,Kileleshwa
1112,Kileleshwa
1113,Brookside
1114,Rosslyn
1115,Lavington
1116,North
1117,Nyari
1118,Kilimani
1119,Kileleshwa
1120,Garden
1121,Karen
1122,Kileleshwa
1123,Loresho
1125,Kilimani
1126,Kilimani
1127,Kitisuru
1128,Lavington
1129,Lavington
1130,Kilimani
1131,Kilimani
1132,Spring
1133,Runda
1134,Kiambu
1135,Thigiri
1136,Karuna
1137,Rhapta
1138,Kitisuru
1139,Kitisuru
1141,Kitisuru
1142,Westlands
1143,Gigiri
1144,Kiambu
1145,Kilimani
1146,Riverside
1147,Runda
1148,Rosslyn
1149,Nyari
1150,City
1151,Lavington
1152,Mombasa
1153,Brookside
1154,Runda
1155,Rosslyn
1156,Kiambu
1157,Nyari
1158,Rosslyn
1159,River
1160,Lower
1162,Spring
1163,Riara
1164,Kilimani
1165,Kahawa
1166,General
1167,Gatewaymall
1168,Brookside
1170,Westlands
1171,Kangundo
1172,Nyari
1173,Loresho
1174,Westlands
1175,Westlands
1176,Muthaiga
1177,Near
1178,Kilimani
1180,Peponi
1181,Muthangari
1182,Runda
1183,Westlands
1184,Langata
1185,Lavington
1186,Waiyaki
1187,Upper
1188,Kilimani
1189,Kileleshwa
1190,Muthaiga
1191,Riverside
1192,Westlands
1193,Lavington
1194,Karen
1195,Eden
1196,Kilimani
1197,Lower
1198,Kilimani
1199,Kileleshwa
1200,Rosslyn
1201,Lavington
1202,General
1203,Kilimani
1206,Lavington
1207,Kileleshwa
1208,Argwings
1209,Brookside
1210,Upper
1211,Muthaiga
1212,Nairobi
1213,Nyari
1214,Westlands
1215,Kileleshwa
1216,Kyuna
1217,Lavington
1218,Lavington
1219,Karen
1220,Spring
1221,Kiambu
1222,Karen
1223,Mombasa
1224,Mombasa
1225,Lavington
1226,Industrial
1227,Kileleshwa
1228,City
1230,Rhapta
1231,Runda
1232,General
1233,Ngong
1234,Mushroom
1235,Westlands
1236,Kilimani
1237,Westlands
1238,Kileleshwa
1240,Muthangari
1241,Spring
1242,Nairobi
1243,Lower
1244,Kilimani
1245,Greville
1246,Westlands
1247,Waiyaki
1248,Nyari
1249,Kilimani
1250,School
1251,Lavington
1252,Riverside
1253,Rhapta
1254,Westlands
1255,Mountain
1256,Brookside
1257,Parklands
1258,Kilimani
1259,Karen
1260,Kitisuru
1261,Waiyaki
1263,Lavington
1264,Thika
1265,Karen
1267,Riverside
1268,Westlands
1269,Muthithi
1270,Thika
1271,Kileleshwa
1272,Lavington
1273,Kiambu
1274,Muthaiga
1275,Kilimani
1276,Lavington
1277,Loresho
1278,Lavington
1279,Industrial
1280,Loresho
1281,@1600$
1282,Loresho
1283,Kiambu
1284,Near
1285,Kilimani
1286,Kileleshwa
1287,Kileleshwa
1288,Riverside
1289,Lavington
1291,Kilimani
1292,Lavington
1293,Karen
1294,Lower
1296,Westlands
1297,Bogani
1298,Lavington
1299,Kitisuru
1300,Lavington
1301,Riverside
1302,Kileleshwa
1303,Bongani
1304,Valley
1305,Karen
1306,Mombasa
1307,Kanjata
1309,Kitisuru
1310,Westland
1311,Thigiri
1312,Muthangari
1313,Runda
1314,Riverside
1315,Kilimani
1316,Westlands
1317,Thigiri
1318,Kiambu
1319,Lavington
1320,Kileleshwa
1321,Dennis
1322,Lavington
1323,Karen
1324,Lavington
1325,Brookside
1327,Rhapta
1328,Riverside
1329,Runda
1330,Thome
1331,Rosslyn
1332,Peponi
1333,Lavington
1334,Keiyo
1335,Lower
1336,Valley
1337,Runda
1338,Valley
1339,Westlands
1340,Runda
1341,Lavington
1342,Off
1343,Kilimani
1344,Riara
1346,Muthaiga
1347,Riverside
1348,Lavington
1349,Industrial
1350,Lavington
1351,Kilimani
1352,Riverside
1354,Lavington
1355,Kileleshwa
1356,Lavington
1357,Karen
1358,Karen
1359,General
1360,Mbaazi
1361,Lavington
1362,Nyari
1363,Kingara
1364,Kileleshwa
1365,Runda
1366,Parklands
1368,General
1370,Kiambu
1371,Kiambu
1372,Parklands
1373,Spring
1374,New
1375,Runda
1376,Fourways
1377,Westlands
1378,Gigiri
1379,Kileleshwa
1380,Ruaraka
1381,Westlands
1382,Kileleshwa
1383,Westlands
1384,Gigiri
1385,Kileleshwa
1386,Westlands
1387,Thika
1388,Spring
1389,Valley
1390,Dennis
1391,Runda
1393,Off
1394,Ring
1395,Kirawa
1396,Spring
1397,Runda
1398,Grevillea
1399,Kitisuru
1400,Lavington
1401,Loresho
1402,Runda
1403,Runda
1404,Lavington
1405,Lavington
1406,Baba
1407,Kabasiran
1408,Runda
1409,Upper
1410,Kileleshwa
1412,Westlands
1413,Lavington
1414,Kilimani
1415,Hatheru
1416,Westlands
1417,Kiambu
1418,Westlands
1419,Kiambu
1420,Lower
1421,General
1422,Kilimani
1423,Kilimani
1424,Brookside
1425,Westlands
1426,Kileleshwa
1427,Milimani
1428,Spring
1429,Kileleshwa
1430,Riverside
1431,Riverside
1432,Parklands
1433,Lavington
1434,Kilimani
1435,Industrial
1436,Riverside
1437,Rhapta
1438,Kileleshwa
1439,Kugeria
1440,Riverside
1441,Ngong
1442,Kileleshwa
1443,Kileleshwa
1444,Mombasa
1445,Runda
1446,Thika
1447,Nyari
1448,Lavington
1449,Kitisuru
1450,Lavington
1451,Westlands
1452,Two
1453,Spring
1454,Westlands
1455,Kitisuru
1457,Kilimani
1458,Lavington
1459,Lavington
1460,Valley
1461,Waiyaki
1462,Runda
1463,Lavington
1464,Industrial
1465,Brookside
1466,Rhapta
1467,Runda
1468,Karen
1469,Rhapta
1470,Lavington
1471,Runda
1472,Kitisuru
1473,James
1474,Riara
1475,Muthaiga
1476,Mountain
1477,Lavington
1478,Westlands
1479,Rhapta
1480,Westlands
1481,Lavington
1482,Fourways
1483,Lavington
1484,Westlands
1485,Ngong
1486,Riverside
1487,Lavington
1488,Westlands
1489,Muthaiga
1490,Riverside
1491,Lantana
1492,Kyuna
1493,Kiambu
1494,Parklands
1495,Fourways
1496,Miotoni
1497,Rosslyn
1498,Kilimani
1499,Industrial
1500,Spring
1501,Kilimani
1502,Bomas
1503,Lower
1504,Mbaazi
1505,Karen
1506,General
1507,Kiambu
1508,Vihiga
1509,Kilimani
1510,Riverside
1511,Industrial
1512,Karen
1513,Riverside
1515,Hurlingham
1516,Parklands
1517,Mpaka
1518,Westlands
1519,Upper
1520,Mugoiri
1521,Kitisuru
1522,Westlands
1523,Brookside
1524,Lavington
1525,Runda
1526,Runda
1528,Parklands
1529,Spring
1530,Embakasi
1531,Kilimani
1532,Riverside
1533,Runda
1534,Kileleshwa
1535,Mombasa
1536,Lavington
1537,Daggorett
1538,Lavington
1539,Nyari
1540,Riverside
1541,Kileleshwa
1542,Kileleshwa
1543,Naivasha
1544,Westlands
1545,Kilimani
1546,Rosslyn
1547,Kitale
1548,Kitisuru
1549,Off
1550,Ndege
1552,Kiambu
1553,Lower
1554,Riverside
1555,Lavington
1556,Kileleshwa
1557,Housing
1558,Kileleshwa
1559,Waiyaki
1560,State
1561,City
1562,Nyari
1563,Ruaraka
1564,Runda
1566,Muthaiga
1567,Thika
1568,Church
1569,Riverside
1570,Waiyaki
1571,Karen
1572,Kilimani
1573,Westlands
1574,Lavington
1575,Kilimani
1577,Windy
1578,Rosslyn
1579,1
1580,Yaya
1581,Kitisuru
1582,Runda
1583,Tree
1584,Westlands
1585,Kilimani
1586,Runda
1587,Kileleshwa
1588,Thigiri
1589,Lower
1590,Riverside
1591,Loresho
1592,Miotoni
1593,Lavington
1594,Lavington
1595,Near
1596,Mombasa
1597,Bomas
1598,Nyari
1599,Kilimani
1600,Runda
1601,Kyuna
1602,Runda
1603,Parklands
1604,Loresho
1605,Brookside
1606,Lower
1607,Mukoma
1608,Riverside
1609,Karen
1610,Thika
1611,Runda
1613,Runda
1614,Gigiri
1615,Lavington
1616,Riverside
1617,Red
1618,Off
1619,Kilimani
1620,Nyari
1621,Westlands
1622,Kitisuru
1623,Thigiri
1624,Riverside
1625,Westlands
1626,Kileleshwa
1627,Rosslyn
1628,Off
1629,Riverside
1630,Kangundo
1631,Kiambu
1632,Ngong
1633,Kileleshwa
1634,Waiyaki
1635,Madaraka
1636,Ridgeways
1637,Mombasa
1638,Kampala
1639,Kabarsiran
1640,Runda
1641,Westlands
1642,City
1643,Lavington
1644,Thika
1645,Ring
1646,Kyuna
1648,Loresho
1649,Westlands
1650,Lavighton
1651,Rosslyn
1652,Chalbi
1653,Riverside
1654,Lavington
1655,Kitisuru
1656,Mawenesi
1658,Kiambu
1659,Kiambu
1660,Donyo
1661,Kyu
1662,Westlands
1663,Kilimani
1664,General
1665,Thika
1666,Brookside
1667,Westland
1668,Kilimani
1669,Karen
1670,Kiambu
1671,Rhapta
1672,Westlands
1673,Runda
1674,Ngong
1675,Rosslyn
1676,Riverside
1677,Kiambu
1678,Peponi
1679,Thika
1680,Lavington
1681,Kilimani
1682,Kitisuru
1683,Lavington
1684,Kitisuru
1685,Spring
1686,Westlands
1687,Kilimani
1688,Nyari
1689,Thika
1690,Lavington
1691,Kiambu
1692,Spring
1695,Mbaazi
1696,Kileleshwa
1697,Kileleshwa
1698,Westlands
1699,Kileleshwa
1700,Runda
1701,General
1702,Ndege
1703,Thika
1704,Karen
1705,Loresho
1706,Rosslyn
1707,Westlands
1708,Westlands
1709,Mzima
1710,Kileleshwa
1711,General
1713,Lavington
1714,Kiambu
1715,Parklands
1717,Kileleshwa
1719,Bomas
1720,Runda
1721,Loresho
1722,Lower
1723,General
1724,Kitisuru
1725,Kilimani
1726,Ndege
1727,City
1728,Riverside
1729,Peponi
1730,Lower
1731,Othaya
1732,Riverside
1733,Riverside
1734,Westlands
1735,Loresho
1737,Kitisuru
1738,Riara
1739,Rosslyn
1741,Westlands
1742,Nairobi
1743,Lavington
1744,Raphta
1745,Gatundu
1746,Karen
1747,Runda
1748,Kitisuru
1749,Spring
1750,Oledume
1751,Camellia
1752,Hurlngam
1753,Brookside
1755,Runda
1756,Lavington
1758,Parklands
1759,Karen
1760,Kilimani
1761,Kiambu
1763,Westlands
1764,6th
1765,Lavington
1766,Runda
1767,Thika
1768,Upper
1769,Kitisuru
1771,Kiambu
1772,Kilimani
1773,Lavington
1774,Gigiri
1775,General
1776,Lavington
1777,Runda
1778,Kilimani
1779,Gigiri
1780,Riverside
1781,Nyangumi
1782,Kiambu
1783,Lavington
1784,Runda
1785,Oloolua
1786,Westlands
1788,Lavington
1789,Ridgeways
1790,Kilimani
1791,Thigiri
1792,Oledume
1793,Ruaraka
1794,Karen
1795,Runda
1796,Dennis
1797,Kileleshwa
1798,Lantana
1799,Waiyaki
1800,Riverside
1801,Kitisuru
1802,Riverside
1803,Rosslyn
1804,Kilimani
1806,Karen
1807,Rhapta
1808,Westlands
1809,Convent
1810,Roselyne
1811,Westlands
1812,Lavington
1813,Riverside
1814,Near
1815,Runda
1816,Runda
1817,Westlands
1818,Kileleshwa
1819,Migaa
1820,Panafric
1821,Bogani
1822,Rhapta
1823,Karen
1824,Karen
1825,Thika
1826,Waiyaki
1827,Isk
1828,Kileleshwa
1831,Runda
1832,Kilimani
1835,Nyari
1836,Spring
1837,Lavington
1838,2
1839,Rosslyn
1840,Westlands
1841,General
1843,General
1844,Lavington
1846,Westlands
1847,Brookside
1849,Karen
1850,Kilimani
1851,Mombasa
1852,Un
1853,Fanaka
1854,Kiambu
1856,Lavington
1857,Westlands
1858,Riverside
1859,Lavington
1860,Kileleshwa
1861,Lower
1862,Garden
1863,Nyari
1865,N/a
1866,Spring
1867,Runda
1868,Runda
1869,Rhino
1870,Westlands
1871,Westlands
1872,Lavington
1873,Industrial
1874,Waiyaki
1875,Limuru
1876,Kilimani
1877,Kileleshwa
1878,Mugumo
1879,Nyeri
1880,Muteero
1881,Karen
1882,Fourways
1883,Church
1884,Runda
1885,Westlands
1886,Maziwa
1887,Kileleshwa
1888,Kilimani
1889,Lavington
1890,Off
1892,Riverside
1893,Ridgeways
1894,Convent
1895,Kileleshwa
1897,Ngong
1898,Kyuna
1899,Argwings
1900,Westlands
1901,Matumbato
1902,N/a
1903,Runda
1904,Kilimani
1905,Rhapta
1906,Lower
1908,Riverside
1909,Westlands
1910,Hurlingham
1911,Two
1912,Westlands
1913,Runda
1914,Riara
1915,Kyuna
1916,Riara
1917,Rhapta
1919,Runda
1920,Off
1921,Kilimani
1922,Fourways
1923,Parklands
1924,Kilimani
1925,Runda
1926,Riverside
1928,Karen
1929,Westlands
1930,Fourways
1931,Kyuna
1932,Rhino
1933,Mombasa
1934,Westlands
1935,Kileleshwa
1937,Muthangari
1938,Kitisuru
1939,Kiambu
1940,Muthangari
1941,Waiyaki
1942,Runda
1943,Lavington
1944,Lower
1945,Muthaiga
1946,Brookside
1947,Parklands
1948,Kileleshwa
1949,Lower
1950,Kileleshwa
1951,Thigiri
1952,Riverside
1953,Lower
1954,Kiambu
1955,Lavington
1956,Westlands
1957,Rosslyn
1958,Rhapta
1960,Thigiri
1961,Westlands
1962,Runda
1963,Rosslyn
1964,Rosslyn
1965,Riara
1966,Kilimani
1967,Garden
1968,Lavington
1969,Nyari
1970,Nyari
1971,Nyari
1972,Rhapta
1973,Muteero
1974,Kileleshwa
1975,Karen
1977,Runda
1979,City
1980,Ole
1981,Lavington
1982,Riverside
1984,Kilimani
1985,Industrial
1986,Kilimani
1987,Mombasa
1988,Kilimani
1989,Upper
1990,Lavington
1991,Runda
1992,Runda
1993,Valley
1994,Loresho
1995,Kilimani
1996,Westlands
1997,Mombasa
1998,Runda
1999,Kileleshwa
2000,Walk
2001,Riverside
2002,Runda
2003,Lavington
2004,Parklands
2006,Kileleshwa
2007,Spring
2008,Runda
2009,Industrial
2010,Brookside
2011,Turbo
2012,Parklands
2013,Lavighton
2014,Kileleshwa
2015,Karen
2016,Riverside
2017,Nairobi
2018,Kilimani
2019,Ngara
2020,Kileleshwa
2021,Upper
2022,Spring
2023,Upper
2024,Runda
2025,Waiyaki
2026,Kileleshwa
2027,Runda
2028,Brookside
2029,Hardy
2030,Spring
2031,Kilimani
2032,Garden
2033,City
2034,Runda
2035,Mountain
2036,Lavington
2037,Kileleshwa
2038,Westlands
2040,2nd
2041,Runda
2042,General
2043,Kilimani
2044,Riverside
2045,Runda
2046,Kileleshwa
2047,Lavington
2048,Gigiri
2049,Kileleshwa
2050,Kilimani
2051,Kileleshwa
2052,Loresho
2053,Lavington
2054,Karen
2055,Riverside
2056,Riverside
2057,Rhapta
2058,Upper
2059,Lavington
2060,Westlands
2061,Lavington
2062,Runda
2063,Runda
2066,Runda
2067,Mukoma
2068,Windy
2069,Lantana
2070,Lavington
2071,Kileleshwa
2072,Bongani
2073,Kitisuru
2074,Runda
2075,Runda
2076,Parklands
2078,Rosslyn
2079,Riverside
2080,Kilimani
2082,Lavighton
2083,Runda
2084,Runda
2085,Westlands
2086,Kiambu
2087,General
2088,Karen
2089,Westlands
2090,Westlands
2091,Westlands
2092,Kiambu
2093,Runda
2094,Kileleshwa
2095,Garden
2096,Westlands
2098,Rahpta
2099,Rhapta
2100,Runda
2101,Oledume
2102,Nyari
2103,Westlands
2104,Kilimani
2105,General
2106,Mombasa
2108,General
2109,Lower
2110,Ngong
2111,Runda
2112,Kileleshwa
2113,Riverside
2114,Kilimani
2116,Kileleshwa
2117,Riverside
2118,Lavington
2119,Kilimani
2120,Kileleshwa
2121,Riruta
2122,Lavington
2123,Lavington
2124,Kiambu
2125,Karen
2126,Runda
2127,Valley
2128,Karen
2129,Mokoyet
2130,Garden
2131,Kiambu
2132,Karen
2134,Spring
2135,Bongani
2136,Kitisuru
2137,Runda
2138,Industrial
2139,Neah
2140,Mombasa
2141,Runda
2142,Kirawa
2143,Riverside
2144,Mombasa
2145,Brookside
2146,Karen
2147,James
2149,Karen
2150,Kileleshwa
2151,Kiambu
2152,Kilimani
2153,Kilimani
2154,Westlands
2155,Dennis
2156,Off
2157,Spring
2158,Kileleshwa
2159,Kilimani
2160,Riverside
2161,Mombasa
2162,Othaya
2163,Karen
2166,Kamenu
2167,Kileleshwa
2168,Rosslyn
2169,Lavington
2170,Runda
2172,Woodvale
2173,Kiambu
2175,Westlands
2176,Westlands
2177,Kilimani
2178,Two
2179,Westlands
2180,Muthaiga
2181,Owashika
2182,Highridge
2183,Kileleshwa
2184,Opposite
2185,Near
2187,Runda
2188,Kindaruma
2189,Kiambu
2190,Kiambu
2191,Lavington
2192,Kilimani
2193,Mwitu
2194,Bomas
2195,Loresho
2196,Gigiri
2197,Parklands
2198,Karen
2199,Kencom
2200,Mombasa
2201,Kileleshwa
2202,Industrial
2203,Rhapta
2204,Lavington
2205,Lavington
2206,Kilimani
2207,Spring
2208,Westlands
2209,Loresho
2210,Runda
2211,Lavington
2212,Milimani
2213,Kileleshwa
2216,Kyuna
2217,Argwings
2218,Miotoni
2219,Westlands
2221,Kitisuru
2222,Kindaruma
2223,Mwanzi
2224,Kileleshwa
2225,New
2226,Runda
2227,Industrial
2228,Loresho
2229,Riverside
2230,Runda
2231,Kyuna
2232,Moi
2233,Westlands
2234,Runda
2235,Kiambu
2236,Brookside
2237,Brookside
2238,Industrial
2239,Arwings
2240,Lavington
2241,Kiambu
2242,Rhapta
2243,Karen
2244,Kilimani
2245,Westlands
2246,Kilimani
2247,Waiyaki
2248,Kilimani
2249,Waiyaki
2251,Kilimani
2252,Riverside
2254,Riverside
2255,Kileleshwa
2257,6th
2258,Riverside
2259,Brookside
2260,General
2261,Kileleshwa
2263,Bomas
2264,Karen
2266,General
2267,Raphta
2268,Runda
2269,Kileleshwa
2270,Kiambu
2271,Runda
2272,Thika
2273,Riara
2274,Mombasa
2275,Kiambu
2276,Off
2277,Mombasa
2278,Parklands
2280,Loresho
2281,Raphata
2282,Brookside
2283,Lavington
2284,Kileleshwa
2285,Runda
2286,Valley
2288,Kilimani
2289,Mkungu
2290,Karen
2291,Kileleshwa
2293,Waiyaki
2294,Laikipia
2295,Kilimani
2297,Thigiri
2298,Gitanga
2299,Mbaazi
2300,General
2301,Lower
2302,General
2304,Nyari
2305,Kiambu
2306,Westlands
2307,Runda
2308,Runda
2309,Lower
2310,Riverside
2311,Kiambu
2312,Runda
2313,Industrial
2315,Hardy
2316,Lower
2317,Westlands
2318,General
2319,Westlands
2320,Kitisuru
2321,Westlands
2322,Kilimani
2323,Riara
2324,Riverside
2326,Kilimani
2327,Kitisuru
2328,Riverside
2329,Rose
2330,Westlands
2331,Runda
2332,Eldama
2333,Runda
2334,Parklands
2336,Kileleshwa
2337,Westlands
2338,Runda
2339,Isk
2340,Karen
2341,Langata
2342,Kilimani
2343,Donyo
2344,Lower
2345,Kilimani
2346,Runda
2347,Runda
2348,Runda
2349,Kileleshwa
2350,Riverside
2351,Runda
2352,Lavington
2353,Waiyaki
2354,Rhapta
2355,Karen
2356,Spring
2357,Kilimani
2358,Kilimani
2359,Lavington
2360,Runda
2361,Kileleshwa
2362,Lavington
2363,Lavington
2364,General
2365,Kileleshwa
2366,Kilimani
2367,Rhapta
2368,Kiambu
2369,City
2370,Church
2372,Spring
2373,Riverside
2374,Spring
2376,Mbaazi
2377,Karen
2379,Riverside
2380,Runda
2381,Riara
2382,Runda
2383,Lavington
2384,Runda
2386,Runda
2387,Gigiri
2388,Rhapta
2389,Lavington
2390,Runda
2391,Westlands
2392,Gigiri
2393,Lavington
2395,Yaya
2396,Kitisuru
2397,Westland
2398,Thika
2400,Muthaiga
2401,Brookside
2402,Runda
2403,Westland
2404,32
2405,Runda
2406,Rosewood
2407,Riara
2409,Kileleshwa
2411,Cbd
2412,Brookside
2413,Langata
2414,Kileleshwa
2415,Runda
2417,Morningside
2418,Muthaiga
2419,Westlands
2420,Kilimani
2421,Westlands
2422,Westlands
2423,Lavington
2424,Industrial
2425,Garden
2427,Waiyaki
2430,Chalbi
2431,Spring
2432,Lavington
2433,Nyari
2435,Runda
2436,Kitisuru
2437,Kileleshwa
2438,General
2439,Lavington
2440,Riverside
2441,Thika
2442,Westlands
2443,Riverside
2444,Upper
2445,Karen
2446,Spring
2447,Kilimani
2448,Westlands
2449,Karen
2450,Kiambu
2451,Kileleshwa
2452,Karen
2453,Apple
2454,Runda
2455,Lavington
2457,Westlands
2458,Parklands
2459,Brookside
2461,Off
2462,Lavington
2463,Kiambu
2464,Karen
2465,Runda
2466,Runda
2467,Ngong
2468,Westlands
2469,Lavington
2470,Westlands
2471,Ndenge
2472,Westlands
2473,Spring
2474,Industrial
2475,Westlands
2476,Lower
2477,Runda
2478,Westlands
2479,Nairobi
2480,Riverside
2481,Westlands
2482,Westlands
2483,Lowe
2484,Mombasa
2485,Lavington
2486,Kilimani
2487,Mombasa
2488,Kileleshwa
2489,Runda
2490,Lavington
2492,Loresho
2493,Runda
2494,Kilimani
2495,Westlands
2496,Muthaiga
2497,Kileleshwa
2499,Runda
2500,Near
2501,Lavington
2502,Nyari
2503,Rhapta
2504,Spring
2505,Runda
2506,Karen
2507,Runda
2508,Westland
2509,Rhapta
2510,Runda
2511,Church
2512,Lavington
2513,Kitusuru
2514,Mombasa
2515,Brookside
2516,City
2517,Runda
2518,Waiyaki
2519,Karen
2520,Peponi
2521,Westlands
2522,Muthaiga
2523,Westlands
2524,Rhapta
2526,Karen
2527,Runda
2528,Lavington
2529,Kiambu
2530,Kileleshwa
2531,Riverside
2532,Ridgeways
2533,Parklands
2534,Runda
2535,Westlands
2536,Mugumo
2537,Industrial
2538,Westlands
2539,Riverside
2540,Gigiri
2541,Kilimani
2542,Lavington
2543,Lavington
2544,Kilimani
2545,Red
2546,Muthangari
2547,Lavington
2548,Gigiri
2549,Lavington
2550,Kilimani
2551,Miotoni
2552,Runda
2553,Mombasa
2554,Spring
2555,Amboseli
2556,Westlands
2557,Kiambu
2558,Parklands
2559,Off
2560,School
2561,Kolobot
2562,Kileleshwa
2563,Riverside
2564,Danis
2565,Kileleshwa
2566,Kiambu
2567,Kilimani
2568,Rapta
2569,Valley
2570,General
2571,Karen
2573,Kilimani
2574,Karen
2575,Kilimani
2576,Riverside
2577,Lavington
2578,Nyari
2579,Kilimani
2580,Kiambu
2581,Riverside
2582,Nyari
2583,Runda
2584,Spring
2585,Spring
2586,Runda
2587,Kcb
2588,Karen
2589,Rosslyn
2590,Nyari
2591,Karen
2592,Lavington
2593,Riverside
2594,Kileleshwa
2595,Karen
2596,Parklands
2597,City
2598,Kiambu
2599,Nairobi
2600,Lake
2601,Riverside
2602,Runda
2603,Karen
2604,Riverside
2605,Convent
2606,General
2607,Rhino
2609,Spring
2610,Riverside
2611,Kilimani
2612,Westlands
2613,Westlands
2614,Runda
2615,Muthaiga
2616,Lower
2617,Runda
2618,Runda
2619,Rosslyn
2620,Kileleshwa
2621,Nyari
2622,Runda
2623,Muthangari
2624,Kileleshwa
2626,Runda
2628,Karen
2629,Lavington
2630,Riara
2631,Baba
2632,Karura
2633,Lavington
2634,Runda
2635,Kileleshwa
2636,Gigiri
2637,Westlands
2638,Mugumo
2639,Rhapta
2640,Rhapta
2641,Kitisuru
2642,Off
2643,Ruaka
2644,Riara
2645,Roseville
2646,Karen
2647,Kilimani
2648,Kilimani
2649,Bomas
2652,Kitisuru
2653,Lavington
2654,Westlands
2655,Kiambu
2656,Rhapta
2657,Loresho
2658,Kileleshwa
2659,Karen
2660,Off
2661,Karen
2662,Lavington
2663,Off
2664,Madaraka
2667,Muthangari
2668,Westlands
2669,Industrial
2670,Valley
2671,Kiambu
2673,Brookside
2674,Lavington
2675,Off
2676,Kilimani
2677,Runda
2678,Cedar
2679,Kilimani
2680,Riverside
2681,Nandi
2682,Off
2683,Westland
2684,Karen
2685,Lavington
2686,Westlands
2687,Lavington
2688,Kileleshwa
2689,Runda
2690,Kilimani
2691,Gigiri
2692,Spring
2693,Kileleshwa
2694,Kilimani
2695,Runda
2696,Karen
2698,Lowe
2699,Kileleshwa
2700,Mombasa
2701,Fourways
2702,Lavington
2703,Parklands
2704,General
2705,Rhapta
2706,Mzima
2707,Mombasa
2708,Kitisuru
2709,Westlands
2710,Maziwa
2711,6th
2712,Othaya
2713,Kileleshwa
2714,Vihiga
2715,Westlands
2716,Westlands
2717,Westlands
2718,Lavington
2719,Lavighton
2720,Muthangari
2721,Runda
2722,Runda
2723,Riverside
2724,Runda
2725,Kileleshwa
2726,Muthaiga
2727,Kilimani
2728,General
2729,Rosslyn
2730,Kiambu
2731,Kilimani
2732,Lavington
2733,Garden
2734,Evergreen
2735,Spring
2736,Lavington
2737,Mombasa
2738,Thika
2739,Lavington
2740,Kileleshwa
2741,Riverside
2743,Mombasa
2744,Kileleshwa
2745,Riverside
2747,Kileleshwa
2749,Garden
2750,Runda
2751,Runda
2752,Spring
2753,Lavington
2754,Kileleshwa
2755,Westlands
2756,Miotoni
2757,Lavington
2759,Kiambu
2760,Kitisuru
2761,General
2762,Ngong
2763,Westlands
2764,Lake
2765,Karen
2766,Kyuna
2767,Kiambu
2768,City
2769,Kileleshwa
2770,Nairobi
2771,Ring
2772,Kilimani
2773,Lavington
2774,Evergreen
2775,Shanzu
2776,Kiambu
2777,Argwins
2778,Kitisuru
2779,Lower
2780,Riverside
2781,Karen
2782,Lavington
2783,Westlands
2784,Kilimani
2785,Westlands
2786,Kencom
2787,Riverside
2788,Ngong
2789,Lavington
2790,Mombasa
2791,Riverside
2792,Valley
2793,Westlands
2794,Hurlingham
2795,Rhapta
2796,General
2798,Runda
2799,Karen
2800,Lavington
2801,Parklands
2802,Muthaiga
2803,Kilimani
2804,Lavington
2805,Rhapta
2806,Kilimani
2807,Kilimani
2808,Kileleshwa
2809,Runda
2810,Kilimani
2811,Lavington
2812,Laikipia
2813,Runda
2814,Westlands
2815,Nyari
2816,Woodvale
2817,Peponi
2818,Lavington
2819,Brookside
2820,Riverside
2821,Gigiri
2822,Kilimani
2823,Runda
2824,Kileleshwa
2825,Kileleshwa
2826,Kitale
2827,Near
2828,Kyuna
2829,Westlands
2830,Kilimani
2831,Mutero
2832,Bongani
2833,Kiambu
2834,Sports
2835,Lavington
2836,Westlands
2837,Kirawa
2838,Riverside
2839,Spring
2840,Riverside
2841,Runda
2842,Rosslyn
2843,Muthaiga
2844,Westlands
2845,Kileleshwa
2846,Lavighton
2847,Karen
2848,Hatheru
2849,Rosslyn
2850,Kileleshwa
2851,Parklands
2852,Runda
2853,Parklands
2855,General
2856,Runda
2857,Wood
2858,Naivasha
2859,Pilipili
2860,Upper
2861,Riverside
2862,Karen
2863,Kiambu
2866,Westlands
2867,Riverside
2869,Kileleshwa
2870,Runda
2871,Karen
2872,Mountain
2873,City
2874,Kileleshwa
2875,Kaumoni
2876,Lavington
2877,Windsor
2879,Kileleshwa
2880,Westlands
2881,Rhapta
2882,Kilimani
2883,Kilimani
2884,Kileleshwa
2885,Rosslyn
2886,Riverside
2887,Brookside
2888,Rhapta
2889,Kileleshwa
2890,Off
2891,Lavington
2892,Rhapta
2893,Garden
2894,Kileleshwa
2895,Kilimani
2896,Kilimani
2897,Kileleshwa
2898,Kileleshwa
2899,Kilimani
2900,General
2901,Runda
2902,Westlands
2903,Kilimani
2905,Thika
2906,Lavington
2907,Naivasha
2909,Lavington
2910,Lavington
2911,Riverside
2912,Kilimani
2913,Kileleshwa
2914,Karen
2915,Runda
2916,Westlands
2917,Lavington
2918,Parklands
2919,Westlands
2920,Mombasa
2921,Waiyaki
2922,Kugeria
2923,Garden
2924,Kilimani
2925,Lavington
2926,Karen
2927,Loresho
2928,Parklands
2930,Parklands
2931,Lower
2932,Off
2933,Westlands
2934,Mimosa
2935,Kileleshwa
2936,Kiambu
2937,Lavington
2938,Kilimani
2939,Westlands
2941,Off
2942,Kileleshwa
2943,Westlands
2944,Kitisuru
2945,Lavington
2946,Rhapta
2947,Karen
2948,Karen
2949,Riara
2950,Lavington
2951,Westlands
2952,Ngong
2953,Rhapta
2954,School
2955,Kileleshwa
2956,Kitisuru
2958,Karen
2960,Runda
2961,Spring
2962,Kileleshwa
2963,Lower
2964,Kiambu
2967,Westlands
2968,Runda
2969,Lavington
2970,Runda
2971,General
2972,Riverside
2973,Un
2974,Westlands
2976,Spring
2977,Runda
2978,Lower
2979,Waiyaki
2980,Runda
2981,Kileleshwa
2982,Runda
2983,Kiambu
2984,Runda
2985,Runda
2986,Kitisuru
2987,Mimosa
2988,Kabasiran
2989,Lavington
2990,Kilimani
2991,Mombasa
2992,Rosslyn
2993,Runda
2994,Eldama
2995,Lavington
2996,Lavington
2997,Westlands
2998,Runda
2999,Karen
3000,Westlands
3001,Kileleshwa
3002,Lavington
3003,Kiambu
3004,Windsor
3005,Parklands
3006,Kileleshwa
3007,Runda
3008,Lavington
3009,Karen
3010,Runda
3011,Runda
3012,Lavington
3013,Parklands
3014,Spring
3015,Lavington
3017,Runda
3019,Riverside
3021,Kilimani
3022,Rhapta
3023,Runda
3024,Lavington
3025,Lavington
3026,Rosslyn
3027,Muteero
3028,Riverside
3030,Riverside
3031,Westland
3032,Runda
3033,Westlands
3034,Runda
3035,Kilimani
3036,Waiyaki
3037,Kileleshwa
3038,Runda
3040,Brookside
3041,Kileleshwa
3042,Kiambu
3043,Lower
3044,Muthaiga
3045,Kiambu
3046,Lavington
3047,Karen
3048,Loresho
3049,Brookside
3050,Lavington
3051,Westlands
3052,Rhapta
3053,Garden
3054,Kilimani
3055,Kiambu
3056,3d
3057,Gigiri
3058,Kilimani
3059,Kileleshwa
3060,Runda
3061,Kileleshwa
3062,Kilimani
3063,Riverside
3064,Riverside
3066,Waiyaki
3067,Kilimani
3068,Limuru
3069,Riverside.
3070,Spring
3072,Rosslyn
3073,Kileleshwa
3074,Kilimani
3075,Lavington
3076,Lavington
3077,Church
3078,Thika
3079,Kileleshwa
3080,General
3082,Lavington
3083,Riverside
3084,Westlands
3085,Westlands
3086,Eliud
3087,Westlands
3088,Kilimani
3089,Westlands
3090,Westlands
3091,Rosslyn
3092,Kilimani
3093,Karen
3095,Nairobi
3096,Loresho
3097,Karen
3098,Kitisuru
3099,Runda
3100,Mombasa
3101,Limuru
3102,Kitale
3103,Karen
3104,Kitisuru
3105,Argwings
3106,Kitisuru
3107,Royale
3108,Lavington
3109,Kileleshwa
3110,Lake
3111,Gichugu
3112,Kitisuru
3113,Mimosa
3114,Kindaruma
3116,Nyari
3117,School
3118,Kilimani
3119,Lavington
3120,Kilimani
3121,City
3122,Runda
3123,Lowe
3124,Bomas
3125,Gigiri
3126,Lakeview
3127,Runda
3128,Lavington
3129,Two
3130,Kilimani
3131,Oledume
3132,Kiambu
3133,Gigiri
3134,Rhapta
3135,General
3138,Karen
3139,Loresho
3140,Baringo
3141,George
3143,Westlands
3144,Runda
3145,Runda
3146,Kilimani
3147,City
3148,Rosslyn
3149,Westlands
3151,Lavington
3153,Kiambu
3154,Kilimani
3155,Few
3156,Westlands
3158,Runda
3159,Kilimani
3160,Kilimani
3161,Runda
3162,Lavington
3163,Runda
3164,Nyari
3165,Kileleshwa
3166,Very
3168,Westlands
3169,Lavington
3170,Runda
3171,Garden
3172,Muthaiga
3173,Westlands
3174,Lavington
3175,Kilimani
3176,Mombasa
3177,Runda
3178,Westlands
3181,Lavington
3182,Ojijo
3183,Kilimani
3184,Kilimanjaro
3185,Karen
3186,Kilimani
3187,Lavington
3188,Westlands
3189,Kaputei
3190,General
3191,Kilimani
3192,Ruaraka
3193,Garden
3194,Westlands
3195,Karen
3196,Westlands
3197,Runda
3198,Westlands
3199,Wood
3200,Karen
3201,Kilimani
3202,Fourways
3203,Kitisuru
3204,Runda
3205,City
3206,Two
3207,Lavington
3208,Muthangari
3209,Lower
3210,Spring
3211,Miotoni
3212,Parklands
3213,Kileleshwa
3215,Karen
3216,Nyari
3217,Lower
3218,Kilimani
3219,Lavington
3220,Spring
3221,Lavington
3222,Kararapon
3223,Lower
3224,Westlands
3225,Karen
3226,Mombasa
3227,Lavington
3228,Westland
3229,Lavington
3230,Kilimani
3231,Peponi
3232,Langata
3233,Lavington
3234,Peponi
3235,Muthaiga
3236,Lavington
3237,Valley
3238,Westlands
3239,Bongani
3240,Muthaiga
3241,Lavington-
3242,Loresho
3243,Runda
3244,Westlands
3245,Karen
3247,Kilimani
3248,Lavington
3249,Runda
3250,Parklands
3251,Kyu
3252,Kitisuru
3253,Runda
3254,Lavington
3255,Runda
3256,Lavington
3257,Parklands
3258,Kileleshwa
3259,Westlands
3260,Karen
3261,Parklands
3262,Parklands
3263,Spring
3264,Kileleshwa
3265,Bomas
3266,Chalbi
3267,Lavington
3268,Hardy
3270,Kiambu
3271,Runda
3272,Westlands
3273,State
3274,Westlands
3275,Kileleshwa
3276,Runda
3277,Church
3278,Kilimani
3279,Kilimani
3280,Mbaazi
3281,Gigiri
3282,Miotoni
3283,Rosslyn
3284,Lavington
3286,Spring
3287,Lavington
3288,Garden
3289,Gigiri
3290,Lavington
3291,Kolobot
3292,Karen
3293,Arwings
3294,Tigoni
3295,Lavington
3297,Kilimani
3298,Old
3299,Kileleshwa
3300,Rosslyn
3301,Lavington
3302,Westlands
3303,Muthaiga
3304,Rhapta
3305,Brookside
3306,Rulph
3307,Kileleshwa
3308,Kileleshwa
3309,Muthaiga
3310,Kileleshwa
3311,Kilimani
3312,Loresho
3313,Spring
3314,Westlands
3315,Runda
3316,Rhapta
3317,Runda
3319,Lower
3320,Ndemi
3321,Off
3322,Runda
3323,Lower
3324,Thika
3325,Kileleshwa
3326,Chalbi
3327,Westlands
3328,Riverside
3329,Parklands
3330,Kilimani
3331,Parklands
3332,Grevilea
3334,Westlands
3336,Nairobi
3337,Kirichwa
3338,Mukoma
3339,Lavington
3340,Riverside
3342,Riara
3343,Garden
3344,Ring
3345,Parklands
3346,Kileleshwa
3347,Karen
3348,Lavington
3349,Kilimani
3350,General
3351,Westlands
3352,Kshs
3353,Kiambu
3354,Westlands
3355,Three
3356,Riverside
3357,Runda
3358,Mombasa
3359,Limuru
3360,Banda
3361,Riverside
3362,Near
3363,Riverside
3364,Kileleshwa
3365,Runda
3366,Riverside
3368,Karen
3369,Kileleshwa
3370,Muthaiga
3371,Riverside
3372,Park
3373,Kitisuru
3374,Lavington
3375,Riara
3376,Lavington
3377,Kusi
3378,Lavington
3379,Karen
3380,Kilimani
3381,Kileleshwa
3382,Karen
3383,Kitisuru
3384,Siaya
3385,General
3386,Kiambu
3387,Kileleshwa
3388,Riverside
3389,Karen
3390,Parklands
3391,Runda
3392,Mogotio
3393,Rosslyn
3394,Kileleshwa
3395,Farasi
3396,Spring
3397,Kilimani
3398,Thika
3399,Riverside
3400,Milimani
3401,Loresho
3402,Kileleshwa
3403,Karen
3404,Lavington
3406,Lavington
3407,Lavington
3408,Lavington
3409,Kileleshwa
3410,Karen
3411,Westlands
3412,Kileleshwa
3413,Hillcrest
3414,Rosslyn
3415,Westlands
3416,Kilimani
3417,Runda
3418,Westlands
3419,Garden
3420,Lavington
3421,City
3422,Runda
3423,Kiambu
3424,Kileleshwa
3425,Riverside
3426,Riverside
3427,Lavington
3428,Rhapta
3429,Thika
3430,Mombasa
3431,Runda
3432,Miotoni
3433,Westlands
3434,Lavington
3435,Langata
3436,Rosslyn
3437,Runda
3438,Runda
3439,Brookside
3440,Riara
3441,Lavington
3442,Riverside
3443,Lower
3444,Waiyaki
3445,Runda
3446,Lavington
3447,Kiambu
3448,Rhapta
3449,Maziwa
3450,Kileleshwa
3451,Ridgeways
3452,Muthaiga
3453,Muthangari
3454,Lavington
3455,Runda
3458,Upper
3460,Kileleshwa
3461,Runda
3463,Lavington
3465,Muthaiga
3466,Mzima
3467,Westlands
3468,Karen
3469,Runda
3470,Rhapta
3471,Thika
3472,4th
3473,Lake
3474,Kiambu
3475,Westlands
3476,Peponi
3477,Karen
3478,Lavington
3479,Riverside
3480,Loresho
3481,Kileleshwa
3482,Runda
3483,Spring
3484,Kileleshwa
3485,Kileleshwa
3486,Lavington
3487,Mugumo
3488,Lavington
3489,Westlands
3490,Brookside
3491,Karen
3492,Evergreen
3493,Kilimani
3494,Kiambu
3495,Runda
3496,General
3497,Westlands
3498,Kilimani
3499,Riara
3500,Riverside
3501,Kyuna
3502,Grevillea
3503,Grevillea
3504,Coffee
3505,Lavington
3506,Lavington
3507,Riverside
3508,Lavington
3509,Runda
3510,Runda
3511,Riverside
3512,Kilimani
3513,Bomas
3514,Kyuna
3515,Off
3516,Miotoni
3517,Miotoni
3518,Karen
3519,Bogani
3520,Lavington
3521,Kileleshwa
3522,Brookside
3523,Kilimani
3524,Runda
3525,Riverside
3526,Kileleshwa
3527,Mukoma
3528,Lavington
3529,Ngong
3530,Westlands
3531,Kileleshwa
3532,Spring
3533,Parklands
3534,Kilimani
3535,Kiambu
3537,Pcbp
3538,Kileleshwa
3539,Kileleshwa
3541,Kilimani
3542,Spring
3543,Lower
3544,Lavington
3545,General
3546,Waiyaki
3547,Lavington
3548,Riverside
3549,Runda
3550,Kilimani
3551,General
3553,Kileleshwa
3554,Westlands
3555,Runda
3556,Mombasa
3557,Loresho
3558,Usd
3560,Kileleshwa
3561,Riverside
3562,Kitisuru
3563,Riverside
3564,Runda
3565,Westlands
3566,Kyuna
3567,Runda
3569,Runda
3570,Lavington
3571,Muthaiga
3572,Muthaiga
3573,Ridgeways
3574,Kiambu
3575,Miotoni
3576,Rhapta
3577,Karen
3578,Lavington
3579,Loresho
3580,Parklands
3581,Peponi
3582,Kitisuru
3583,Lavington
3584,Kilimani
3585,Lake
3586,Kilimani
3587,Runda
3588,Brookside
3589,Kileleshwa
3590,Lavington
3591,Waiyaki
3592,Kikambala
3593,Mushebi
3594,Waiyaki
3595,N/a
3597,Mombasa
3598,Kuwinda
3599,Riverside
3600,Lavington
3601,Runda
3602,Runda
3603,Runda
3604,Riverside
3605,Kiambu
3606,Flame
3607,Matundu
3609,Parklands
3610,Grevilea
3611,Rosslyn
3612,Mombasa
3613,Kongoni
3614,Riverside
3616,Westlands
3617,Kitisuru
3618,Rhaphta
3619,Mombasa
3620,Kiambu
3621,Muthangari
3622,Lavington
3623,Garden
3624,Brookside
3625,Kyuna
3627,Gigiri
3628,Mombasa
3629,Riverside
3630,Karen
3631,Ndenge
3632,Riverside
3633,Runda
3634,Kileleshwa
3635,Rhapta
3636,Kyuna
3637,Riverside
3638,Westlands
3639,Westlands
3640,Kilimani
3641,Kilimani
3642,Kilimani
3643,Lavington
3644,Spring
3645,Kilimani
3646,Runda
3647,Roselyne
3648,Runda
3649,Bomas
3650,Lavington
3651,Kileleshwa
3652,Mombasa
3653,Lavington
3654,Ngong
3655,Riverside
3656,Kileleshwa
3657,Karen
3658,Muthaiga
3659,Kyuna
3660,Kilimani
3661,Rhapta
3663,Runda
3664,Runda
3665,Lavington
3666,Cabanas
3667,Lavington
3668,Muthaiga
3669,Westlands
3670,Loresho
3671,Lavington
3672,Kiambu
3673,Fourways
3674,Redhill
3675,Othaya
3677,Two
3678,Westlands
3679,Lavington
3680,Chalbi
3681,General
3682,Maasai
3683,Riverside
3684,Rosslyn
3685,Kilimani
3687,Riverside
3688,Runda
3689,Lavington
3690,Westlands
3691,Loresho
3692,Kilimani
3693,Muthaiga
3694,Kilimani
3695,Riverside
3696,Loresho
3697,Mountain
3698,Mombasa
3699,Hurlingham
3700,Lavington
3701,Lavington
3702,Runda
3703,Riverside
3704,Karen
3705,Kilimani
3706,Off
3707,Kitisuru
3708,Kilimani
3709,Siaya
3710,Kikeni
3711,Thigiri
3712,Next
3713,Kitisuru
3714,Kiambu
3715,Thika
3716,Riverside
3717,Westlands
3718,Brookside
3719,Lavington
3720,Hatheru
3721,Runda
3722,Kilimani
3723,265412
3724,Bomas
3725,Lenana
3726,Parklands
3727,Rosslyn
3728,Maziwa
3729,Westlands
3730,Karen
3731,Argwings
3732,Kileleshwa
3733,Westlands
3734,General
3735,Moi
3737,Gigiri
3738,Kilimani
3739,Chaka
3740,Runda
3741,Westlands
3742,Thika
3743,Muthaiga
3744,State
3745,Kiambu
3746,Runda
3747,Mombasa
3749,Kileleshwa
3751,City
3752,Nyari
3753,Gigiri
3754,Mombasa
3755,Mombasa
3756,Westlands
3757,Runda
3758,Parklands
3759,Lavington
3760,Chalbi
3761,Runda
3763,Westlands
3764,Westlands
3765,Kileleshwa
3766,Runda
3767,Nyari
3768,Kyuna
3769,Uthiru
3770,Uthiru
3771,Kilimani
3772,Muteero
3773,General
3776,Kiambu
3777,Riverside
3778,Lavington
3779,Karen
3780,Kileleshwa
3781,Muthaiga
3782,Lavington
3784,Lower
3785,Westlands
3786,Lavington
3787,Brookside
3788,Lavington
3789,Westlands
3790,Valley
3791,Riverside
3792,Naivasha
3793,Waiyaki
3795,Parklands
3796,Westland
3798,Lavington
3799,Mombasa
3800,Isaac
3801,Embakasi
3802,Kilimani
3803,Kileleshwa
3804,Ngara
3805,Thigiri
3806,Kiambu
3807,Riverside
3809,Kileleshwa
3810,Baba
3811,Kephis
3812,Westlands
3813,Brookside
3814,Brookside
3815,Rhapta
3816,Westlands
3817,Kilimani
3818,Located
3819,Lavington
3820,River
3821,Kiambu
3822,Runda
3823,Lavington
3824,General
3825,Runda
3826,Nyari
3827,Runda
3828,Kitisuru
3829,Kiambu
3830,Westlands
3831,Marcus
3832,Kileleshwa
3833,Karen
3834,Mutero
3835,Lavington
3836,Kileleshwa
3838,Lavington
3839,Kileleshwa
3840,Mvuli
3841,Lavington
3842,Karen
3843,Runda
3844,Karen
3845,Riverside
3846,Near
3847,Kiambu
3848,Spring
3849,Mombasa
3850,Ojijo
3851,Nyari
3853,Kilimani
3854,Lavington
3855,Mombasa
3856,Grevillea
3857,Jogoo
3858,Rosslyn
3860,Mfangano
3862,Westlands
3863,Kilimani
3864,Westlands
3865,Lower
3866,Kilimani
3867,Westlands
3869,Kilimani
3870,Karen
3871,Kitisuru
3872,Kuro
3873,Kilimani
3874,Karen
3875,Kileleshwa
3876,Westlands
3877,General
3878,Nextgen
3879,Karen
3880,Parklands
3881,Karen
3882,Garden
3883,Lavington
3884,Parklands
3885,Loresho
3886,Lavington
3887,Riverside
3888,Muthaiga
3889,Lavington
3891,Waiyaki
3892,Runda
3893,Karen
3894,General
3895,Kangundo
3896,Ngala
3897,Mushroom
3898,Westlands
3899,Miotoni
3900,Denis
3901,Rosslyn
3902,Kiambu
3904,Lavington
3905,Karen
3906,Kilimani
3907,Kiambu
3909,Lower
3910,Kitisuru
3911,Karen
3912,Bongani
3913,Mombasa
3914,General
3915,Spring
3916,Karen
3917,Kileleshwa
3918,Runda
3919,Westlands
3920,Lavington
3921,Karen
3922,Nyari
3923,Kilimani
3924,Loresho
3925,Peponi
3926,Fifth
3927,Mombasa
3928,Kileleshwa
3929,Riverside
3930,Lavington
3931,Brookside
3932,Lavington
3933,Lower
3934,General
3935,Uthiru
3936,Muthaiga
3937,Lower
3938,Kileleshwa
3939,Buruburu
3940,Kitisuru
3941,Spring
3942,Spring
3943,Kiambu
3944,Rhapta
3945,Kileleshwa
3946,Westlands
3947,Nyari
3948,Muchai
3949,Kyuna
3951,Runda
3952,Redhill
3953,Runda
3954,Muthangari
3955,Waiyaki
3956,Kilimani
3957,Hardy
3958,Lavington
3959,Thigiri
3960,Gigiri
3961,Muringa
3962,Rhapta
3963,Runda
3964,Near
3965,Thigiri
3966,Spring
3967,Kileleshwa
3968,Kiambu
3969,Tom
3970,Brookside
3971,Glory
3974,General
3975,Kilimani
3976,Off
3977,Muthaiga
3978,Upper
3979,Westlands
3980,Riverside
3981,Riverside
3982,Westlands
3983,Westlands
3984,Kilimani
3985,Muthaiga
3986,Westlands
3987,Nyari
3988,Riverside
3989,Lavington
3990,Parklands
3991,Kileleshwa
3992,Lavington
3993,Kilimani
3994,Westlands
3995,Mombasa
3996,Valley
3997,Thigiri
3998,Runda
3999,Lavington
4000,Runda
4001,Off
4002,Kilimani
4003,General
4004,Ndemi
4005,Industrial
4006,Kileleshwa
4007,Nairobi
4008,Kirichwa
4009,Lavington
4010,Lower
4011,Westlands
4012,Brooside
4013,Kilimani
4014,Kilimani
4015,Garden
4016,Waiyaki
4017,Gigiri
4018,Muthaiga
4019,Lavington
4020,Kiambu
4021,Westland
4022,Kitisuru
4023,Thome
4024,Lavington
4025,Lavington
4026,Kilimani
4028,Kileleshwa
4029,Kileleshwa
4030,Westlands
4031,Lavington
4032,Kilimani
4033,Kileleshwa
4034,Rosslyn
4035,Lavington
4036,Nyari
4037,Kiambu
4038,Riverside
4039,Karen
4040,Lavington
4041,Off
4042,Kileleshwa
4043,Westlands
4044,Riara
4045,Riverside
4046,Kileleshwa
4047,Kilimani
4048,Thika
4049,Kilimani
4050,Kitisuru
4051,Chiromo
4052,Lavington
4053,Kilimani
4054,Kilimani
4055,Muthaiga
4056,Kiambu
4057,Karura
4058,Runda
4059,Muthaiga
4060,Kitisuru
4061,Nyari
4062,Muringa
4063,Mombasa
4064,Kileleshwa
4065,Kiambu
4066,Kileleshwa
4068,Rhapta
4069,Lavington
4070,Karen
4071,Nyari
4072,Kileleshwa
4073,Gigiri
4074,Karen
4075,City
4077,Kilimani
4078,Karen
4079,Gigiri
4080,Waiyaki
4081,Upper
4082,Thika
4084,Westlands
4085,Kilimani
4086,Kilimani
4087,Nyari
4088,Brookside
4090,City
4091,Runda
4092,Raphta
4093,Upper
4094,Redhill
4095,Lavington
4096,Ngong
4097,Rosslyn
4098,Kileleshwa
4099,Terrace
4100,Westlands
4101,Karen
4102,Upper
4103,Parklands
4105,Kaputei
4106,Industrial
4107,Upper
4108,N/a
4109,Rosslyn
4110,Riverside
4111,Kitisuru
4112,Laikipia
4113,Rhapta
4114,Brookside
4115,Kileleshwa
4116,Loresho
4117,Lavington
4118,Lavington
4119,Kilimani
4121,Peponi
4122,Westlands
4123,Karen
4124,Upper
4125,Kitisuru
4126,State
4127,Lavington
4128,Westlands
4130,Westlands
4131,Runda
4132,Kilimani
4133,Riverside
4134,Brookside
4135,Waiyaki
4136,Kitusuru
4137,Spring
4138,Lavington
4139,Riverside
4140,Riverside
4141,Westlands
4142,Gigiri
4143,Nyari
4144,Runda
4145,Brookside
4146,Rhapta
4147,Westlands
4148,Hatheru
4149,Rosslyn
4150,Parklands
4151,Lavington
4152,Ngara
4154,Kitisuru
4155,Westlands
4156,Brookside
4157,Industrial
4158,Hardy
4159,Ruaraka
4160,Loresho
4161,Kirichwa
4162,Lavington
4163,Kilimani
4164,Lavington
4165,Lavington
4166,Muthaiga
4167,Westlands
4168,Kcb
4169,Muthangari
4170,Mutero
4171,Kileleshwa
4172,Kileleshwa
4173,Parklands
4174,Kilimani
4175,Runda
4176,Parklands
4177,Kileleshwa
4178,General
4179,Westlands
4180,Lavington
4181,Kiambu
4182,Runda
4183,Karen
4184,Rhapta
4185,Runda
4186,Lavington
4188,Karen
4189,Westlands
4190,Lavington
4191,Kileleshwa
4192,Kileleshwa
4193,Ruaraka
4194,Lavington
4195,Panafric
4196,City
4197,Kiambu
4198,Kilimani
4200,Joska
4201,Kiambu
4202,Riverside
4203,Kilimani
4204,Westlands
4205,Grevillea
4206,Runda
4207,Utawala
4208,Runda
4210,Kileleshwa
4211,Lavington
4212,Mombasa
4214,Kileleshwa
4215,Lavington
4216,Kilimani
4217,Lavington
4218,Lavington
4219,Karen
4220,Lavington
4221,Kileleshwa
4222,Muhugu
4224,Kileleshwa
4225,Parklands
4226,Muthaiga
4227,Off
4228,Kyuna
4229,Lavington
4230,Lavington
4231,Kilimani
4232,Riara
4233,Thika
4234,Runda
4235,Westlands
4236,Kilimani
4237,Kileleshwa
4238,Kilimani
4239,Lavington
4240,Ridgeways
4241,State
4242,Dagoretti
4243,Runda
4244,Kiambu
4245,Rhapta
4246,Upper
4247,Kileleshwa
4248,Karen
4249,Runda
4250,Lake
4251,Kilimani
4252,Kitisuru
4253,El
4254,Lavington
4255,Runda
4256,Runda
4257,Rosslyn
4258,Westlands
4259,Miotoni
4260,Woodvale
4261,Kiambu
4262,Westlands
4263,Garden
4264,Kyuna
4265,Karen
4266,Spring
4267,Lavington
4268,Hatheru
4269,Spring
4270,Runda
4271,Gigiri
4272,Karen
4275,Kilimani
4276,Riverside
4277,Lavington
4278,David
4279,Kilimani
4280,Peponi
4281,Convent
4282,Valley
4283,Kileleshwa
4284,Karen
4285,Rhapta
4286,Kilimani
4287,Kilimani
4288,Kileleshwa
4290,Lavington
4291,Kileleshwa
4292,Westlands
4294,Runda
4295,Lavington
4296,Thigiri
4297,Lower
4298,Riara
4299,Lavington
4300,Westlands
4301,Nyari
4302,Mukoma
4303,Thome
4304,Rosslyn
4305,Riverside
4306,Muthangari
4307,Langata
4308,Gitanga
4309,Kilimani
4310,Kitisuru
4311,Thika
4312,Kihingo
4313,Westlands
4315,Peponi
4316,Riverside
4317,Arboretum
4318,Kileleshwa
4319,Riverside
4320,Vihiga
4321,Miotoni
4322,Kileleshwa
4323,Westlands
4324,Kitisuru
4325,Nyari
4326,Karen
4327,Westlands
4328,Westlands
4329,Kilimani
4330,Near
4331,Kilimani
4332,Westlands
4334,Mombasa
4335,Kileleshwa
4336,Runda
4337,Ngara
4338,St
4339,Murang&#39;a
4340,Two
4341,Lavington
4343,Thika
4344,Riverside
4345,Kileleshwa
4346,Kilimani
4347,Lower
4348,Kilimani
4349,Kiambu
4350,Kileleshwa
4351,Upper
4352,Riverside
4353,Runda
4354,Loresho
4355,Lavington
4357,Karen
4358,Kiambu
4359,Kileleshwa
4360,Runda
4361,Ridgeways
4362,Lavington
4363,Parklands
4364,Riverside
4367,Runda
4369,Kileleshwa
4370,Parklands
4372,Kitale
4374,Lower
4375,Spring
4376,Kileleshwa
4377,Valley
4378,Kilimani
4380,Gigiri
4381,Fourways
4382,Karen
4383,Kileleshwa
4384,Riverside
4385,Westlands
4386,Karen
4387,Kilimani
4388,Westlands
4389,Mombasa
4390,Denis
4391,Parklands
4392,Riverside
4393,Bongani
4394,Kileleshwa
4395,Loresho
4396,Loresho
4397,Rhapta
4398,Westlands
4399,Westlands
4400,Riverside
4401,Kileleshwa
4402,General
4404,Lavington
4405,Kiambu
4406,Royale
4408,Kuro
4409,Waiyaki
4410,Kilimani
4411,Runda
4412,Nyari
4413,Runda
4414,Runda
4415,Ndege
4416,Kileleshwa
4417,Runda
4418,Lavington
4419,Karen
4420,Rosslyn
4421,Riverside
4422,Kilimani
4423,Westlands
4424,Roselyn
4425,Lavington
4426,Mombasa
4427,Spring
4430,Kiambu
4431,Rhapta
4432,Ole
4433,Karen
4434,City
4435,Bogani
4436,Runda
4437,Lavington
4438,Kampala
4439,Kwa
4440,Miotoni
4441,Runda
4442,Kiambu
4443,Lavington
4445,Kitisuru
4446,Kilimani
4447,Karen
4448,Kilimani
4449,Parklands
4450,Brookside
4451,Riverside
4452,Rosslyn
4453,Riverside
4454,Riverside
4455,Rhapta
4456,Lavington
4457,Westlands
4458,Lavington
4459,Westland
4460,Kileleshwa
4461,Kileleshwa
4462,Riverside
4464,Lavington
4465,Kileleshwa
4466,Rhapta
4467,Spring
4468,Runda
4469,Kileleshwa
4470,Waiyaki
4471,Rhapta
4472,Kileleshwa
4473,Muthaiga
4475,Westlands
4476,Lavington
4478,Joska
4479,Lenana
4480,Kangundo
4481,Westlands
4483,Galana
4484,Westlands
4485,Spring
4486,Lavington
4487,Thigiri
4488,Lavington
4489,Rhapta
4490,Lavington
4491,Riverside
4492,Fourways
4493,Parklands
4494,Runda
4495,Ring
4496,Runda
4498,Riara
4499,Kilimani
4500,Kyuna
4501,Old
4502,Ruaraka
4503,Runda
4504,Waiyaki
4505,Kilimani
4506,General
4508,South
4509,Lower
4510,Off
4512,Kilimani
4513,Lavington
4514,Lavington
4515,Lower
4516,Kitisuru
4517,Thigiri
4518,Ring
4520,Kitisuru
4521,Westlands
4522,Riverside
4523,Kileleshwa
4524,Kiambu
4527,Muthaiga
4528,Runda
4529,Hurlingham
4530,Miotoni
4531,Industrial
4532,Westlands
4533,Rhapta
4534,Karen
4535,Runda
4536,Kilimani
4537,Kileleshwa
4538,Lavington
4539,Kileleshwa
4540,Runda
4541,Kileleshwa
4542,Upper
4544,Kileleshwa
4545,Westlands
4546,Kiambu
4547,Westlands
4548,Parklands
4549,Rhapta
4550,Langata
4551,Waiyaki
4552,Othaya
4553,Miotoni
4554,Riverside
4555,Garden
4556,Riverside
4557,Runda
4558,Kilimani
4559,Muthaiga
4560,Riverside
4561,Kileleshwa
4562,Kilimani
4564,Kileleshwa
4565,Lavington
4566,Westlands
4567,City
4568,Riara
4569,Kitisuru
4570,Grevilia
4571,Lavington
4572,General
4573,Riverside
4575,Nyari
4576,Karen
4577,Kilimani
4578,Peponi
4579,Westlands
4580,Lavington
4581,Rhapta
4582,Muthaiga
4583,Parklands
4584,Westlands
4585,Runda
4586,Lavington
4587,Spring
4588,Kilimani
4589,Karen
4590,Thika
4591,Kilimani
4592,Muthaiga
4593,Riverside
4594,Lavington
4595,Mombasa
4598,Kiambu
4599,Lavington
4600,Lavington
4601,Westlands
4602,Runda
4603,Upper
4604,Kileleshwa
4605,Ngong
4606,Riverside
4607,Westlands
4609,Kyuna
4611,Karen
4612,Westlands
4613,Kilimani
4614,Westlands
4615,Westlands
4616,Lower
4617,Lavington
4618,Rosslyn
4619,Kilimani
4620,Kileleshwa
4621,Kilimani
4622,School
4623,General
4624,Kilimani
4625,Rosslyn
4626,Paradise
4627,Matundu
4628,Nyari
4630,Ruaka
4631,Kileleshwa
4632,Karen
4633,Muthaiga
4635,Spring
4636,Riverside
4637,Ngong
4638,Rahpta
4639,Kilimani
4641,Ruaka
4642,Kiambu
4643,Kitisuru
4644,Brookside
4645,Thika
4646,Kilimani
4647,Safari
4648,Karen
4649,Parklands
4650,Miotoni
4651,Riverside
4652,Mombasa
4653,Lavington
4654,Kilimani
4655,Ngong
4656,Runda
4657,Donholm
4658,Lavington
4660,Kilimani
4661,Westlands
4662,Karen
4663,Karen
4664,State
4665,Spring
4666,Nyari
4667,Rhapta
4668,Kilimani
4669,Kiambu
4670,Riverside
4671,Lavington
4672,Kilimani
4673,Kilimani
4674,Spring
4675,City
4676,Karen
4677,Kileleshwa
4678,Kileleshwa
4679,Runda
4680,Baba
4681,Westland
4682,Westlands
4683,Kileleshwa
4684,Chalbi
4687,Mimosa
4688,Karen
4689,Lavington
4690,Runda
4691,Mutero
4692,Lavington
4693,Lower
4694,Glory
4695,Laikipia
4696,Spring
4697,Kileleshwa
4698,Karen
4699,Nabro
4700,General
4702,Waiyaki
4703,Runda
4704,Kiambu
4705,Lavington
4706,Lang&#39;ata
4707,Westlands
4709,Runda
4710,Westlands
4711,Brookside
4712,Westlands
4713,Westlands
4714,Peponi
4715,Kilimani
4716,Nairobi
4717,Runda
4718,Old
4719,Waiyaki
4720,Westlands
4721,Riverside
4722,Kilimani
4723,Muthangari
4724,Kilimani
4725,Lavington
4726,Westlands
4727,Runda
4728,Kileleshwa
4729,Fair
4730,Kiambu
4732,Kilimani
4733,Kilimani
4734,Lavington
4735,Kiambu
4736,Enterprise
4737,Nyari
4738,Kiambu
4739,Westlands
4740,Kitisuru
4741,Westlands
4743,Spring
4744,Riverside
4745,Brookside
4746,Lavington
4747,Kitisuru
4748,Lavington
4749,Kilimani
4750,Lavington
4751,Kitisuru
4752,Lavington
4753,General
4754,Runda
4755,Kileleshwa
4756,Kiambu
4757,Kileleshwa
4758,Kitisuru
4759,Runda
4760,Westlands
4761,Kilimani
4762,Thika
4763,Westlands
4764,Gigiri
4765,Runda
4766,Rosslyn
4767,Off
4768,Mombasa
4769,Gigiri
4770,Peponi
4771,Bomas
4772,Lavington
4773,Rhapta
4774,Windyridge
4775,Peponi
4777,Runda
4778,Kileleshwa
4779,Westlands
4780,Kileleshwa
4781,Thika
4782,Kileleshwa
4783,Karen
4784,Westlands
4785,Runda
4786,Rhapta
4787,Kilimani
4789,Lavington
4791,Westlands
4792,Rhapta
4793,Off
4794,Kilimani
4795,Muthaiga
4796,Raphta
4797,Kileleshwa
4798,Peponi
4799,Spring
4800,Westlands
4801,City
4802,Spring
4803,Lavington
4804,Runda
4805,Muthaiga
4807,Runda
4808,Kilimani
4809,Kiambu
4810,Near
4811,Lavington
4812,Karen
4813,Brookside
4814,Lavington
4815,Lavington
4816,Karen
4817,Lavington
4818,Off
4819,Riverside
4820,Kileleshwa
4821,Loresho
4822,Kiambu
4823,Riverside
4824,Kilimani
4825,Karen
4827,Westlands
4828,Mombasa
4829,Nyari
4830,Westlands
4832,Kileleshwa
4833,General
4834,Karen
4835,Lavington
4836,Kilimani
4837,Kileleshwa
4838,Westlands
4839,Westlands
4840,Lavington
4841,Gitanga
4842,Mirema
4843,Kilimani
4844,Lavington
4845,Lower
4846,Westlands
4848,Karen
4849,Westlands
4850,Thika
4851,Kilimani
4853,Riverside
4855,Off
4856,Runda
4857,Runda
4858,Parklands
4859,School
4860,Kiambu
4861,Bongani
4862,Kilimani
4863,Muthithi
4864,Kileleshwa
4865,Upper
4866,Runda
4867,Westlands
4868,Loresho
4869,Riverside
4870,Westlands
4871,Waiyaki
4872,Lavington
4873,Karen
4874,Rhapta
4875,Kiambu
4876,Loresho
4877,Kilimani
4878,Kilimani
4879,Spring
4881,Riverside
4882,Spring
4883,Kilimani
4884,Ring
4885,Mountain
4886,Industrial
4887,Riara
4888,Riara
4889,Mombasa
4890,Ngong
4891,Lavington
4892,Thika
4894,Lower
4895,Ruaraka
4896,South
4897,Ngong
4898,Lavington
4899,State
4900,Riverside
4901,Runda
4902,Runda
4903,Lavington
4904,Westlands
4905,State
4906,Runda
4907,Westlands
4908,Runda
4909,Ruai
4910,Ruaraka
4911,Westlands
4912,Westlands
4913,Muthaiga
4914,Lavington
4915,Rosslyn
4916,Lavington
4917,Loresho
4918,Westland
4919,Nyari
4920,Kileleshwa
4921,Kitale
4922,Runda
4923,Nyari
4924,Muthaiga
4926,Lavington
4927,Runda
4928,Kilimani
4929,Riverside
4931,Kilimani
4932,Kileleshwa
4933,Rosslyn
4934,Runda
4935,Industrial
4938,Westlands
4939,Westlands
4940,Rhapta
4941,Brookside
4942,Gigiri
4943,Industrial
4944,Runda
4945,Kephis
4946,Rosslyn
4947,Kilimani
4948,Lavington
4949,Kitisuru
4950,Kileleshwa
4951,Loresho
4952,Lavington
4953,Runda
4955,Lavington
4956,Rosslyn
4958,Vanga
4959,Waiyaki
4960,Westlands
4961,Kilimani
4963,Mwitu
4964,Karen
4965,Camelia
4966,Westlands
4967,Kilimani
4968,Windsor
4969,Kilimani
4970,Runda
4971,Isk
4972,Upper
4973,Riverside
4974,Garden
4975,Runda
4976,Lavington
4977,Runda
4978,Kitisuru
4979,Rhapta
4980,Riverside
4981,Opposite
4982,Buruburu
4983,Kiambu
4984,Brookside
4985,Peponi
4986,Lavington
4987,Kileleshwa
4988,Karen
4989,Lavington
4990,Kyuna
4991,Old
4992,Mimosa
4993,Industrial
4994,Kilimani
4995,Westlands
4996,Kileleshwa
4997,Muteero
4998,Kyuna
4999,Lenana
5000,Kileleshwa
5002,Karen
5003,Muthaiga
5004,Lavington
5005,Kiambu
5006,Arqwing
5007,Kilimani
5008,Mandera
5009,Nairobi
5010,Mombasa
5012,Kilimani
5013,Lavington
5014,Westlands
5015,Mountain
5016,Kitisuru
5017,Kcb
5018,Moi
5019,Kiambu
5020,Rhapta
5021,Lower
5022,Lavington
5023,Westlands
5024,Kiambu
5025,Kileleshwa
5026,Kyuna
5027,Lavington
5028,General
5029,Karen
5030,Langata
5031,Lavington
5032,Riverside
5033,Kilimani
5034,Runda
5035,Karen
5036,Peponi
5037,Close
5038,2
5039,Kileleshwa
5040,Two
5041,Runda
5042,Loita
5043,Runda
5045,Rosslyn
5047,Kitisuru
5048,Runda
5049,Kileleshwa
5050,Eldama
5051,Runda
5052,Runda
5053,Lavington
5054,Riverside
5055,Runda
5056,Kilimani
5057,Riverside
5058,Upper
5059,Kindaruma
5060,Kitisuru
5061,Riverside
5063,Kilimani
5064,Kiambu
5065,Thigiri
5066,Westlands
5067,Brookside
5068,Mombasa
5069,Kiambu
5070,Westlands
5071,Miotoni
5072,Kilimani
5073,Industrial
5074,Karen
5075,Community
5076,Kitisuru
5077,Riverside
5078,Westlands
5079,Woodvale
5080,General
5081,Kyuna
5082,Kileleshwa
5083,Runda
5084,Dennis
5085,Mombasa
5086,Loresho
5087,Westlands
5088,Kilimani
5089,Lavington
5090,Loresho
5091,Ngong
5093,Runda
5094,Spring
5095,Kileleshwa
5096,Runda
5097,Thigiri
5098,Kileleshwa
5099,Brookside
5100,Muthangari
5101,Total
5102,The
5103,Muthaiga
5104,Bomas
5105,Muthaiga
5106,Runda
5107,Kitisuru
5108,Parliament
5109,Kitisuru
5110,Gatundu
5111,Thika
5112,Off
5113,Westlands
5114,Runda
5115,Spring
5116,Westlands
5117,Dagoretti
5118,Westlands
5119,Rosslyn
5120,Wood
5121,Muthaiga
5122,Westland
5123,Westlands
5124,Parklands
5125,Waiyaki
5126,Kyuna
5127,Nyari
5128,Parklands
5129,Ngara
5130,Fourways
5131,Westlands
5132,Kileleshwa
5133,Runda
5134,Runda
5135,Westlands
5136,Muhoho
5137,Kileleshwa
5138,Westlands
5139,Waiyaki
5140,Kiambu
5141,Riverside
5142,Kiambu
5143,Kilimani
5144,Kilimani
5145,Nyari
5146,Westlands
5147,Westlands
5148,Runda
5149,Runda
5150,Muthaiga
5151,Kilimani
5152,Kilimani
5153,Runda
5154,Karen
5155,Kileleshwa
5156,Lavington
5157,Chiromo
5158,Kabarseran
5159,Kileleshwa
5160,Upper
5162,Riverside
5164,Lavington
5165,Near
5166,General
5167,Karen
5168,Lavington
5169,Karen
5170,Upperhill
5171,Spring
5172,Kiambu
5173,General
5174,Lavington
5175,Loresho
5176,Runda
5177,Kiambu
5178,Thigiri
5179,Pepo
5180,Muthangari
5181,Lavington
5182,Westlands
5183,Runda
5184,Runda
5185,Chalbi
5186,Kileleshwa
5187,Kilimani
5188,Westlands
5189,Runda
5190,General
5191,Runda
5192,Runda
5193,Kileleshwa
5194,Kilimani
5195,Loresho
5196,Riverside
5197,Kandara
5198,Industrial
5199,Muthaiga
5200,Ndemi
5201,Riverside
5202,Kilimani
5203,Runda
5204,Parklands
5205,Lavington
5206,Runda
5207,Lake
5208,Muthithi
5209,General
5210,Kilimani
5211,Kileleshwa
5212,Karen
5213,Bomas
5215,Lavington
5216,Runda
5218,Muthaiga
5219,Westlands
5220,Woodvale
5221,Kileleshwa
5222,Mama
5223,Mara
5224,James
5225,Rhapta
5226,Bomas
5227,Near
5228,Chiromo
5229,Jogoo
5230,Karen
5231,Ngong
5232,Thika
5233,Ngong
5234,Industrial
5235,Lavington
5236,Embakasi
5237,Westlands
5238,Parklands
5239,Woodvale
5240,Kileleshwa
5241,Mombasa
5243,Kilimani
5244,Loresho
5245,Kilimani
5247,Hurlingham
5248,Riara
5249,Ngara
5250,Mombasa
5251,Embakasi
5252,Gigiri
5253,Karen
5254,Kilimanjaro
5255,Ruaraka
5256,Karen
5257,Westlands
5258,Waiyaki
5259,Rosslyn
5260,Ruaraka
5261,Mombasa
5262,Dagoretti
5263,Moi
5264,Nairobi
5265,Mai
5266,Riverside
5267,Lenana
5268,Rhapta
5269,Ngong
5270,Gigiri
5271,Off
5272,Upper
5274,Mombasa
5275,Usiu
5276,Rhapta
5277,Denis
5279,Mombasa
5280,Kilimani
5281,Upper
5282,Dunga
5283,Westlands
5284,Lavington
5285,Opposite
5286,Argwings-kodhek
5287,Muthaiga
5288,Westlands
5289,Chania
5291,Westlands
5292,Kilimani
5293,Karen
5294,Ruaraka
5295,Hurlingham
5296,Karen
5297,Lavington
5298,Kiambu
5299,Mombasa
5300,Brookside
5301,Kilimani
5302,Dagoretti
5303,Nairobi
5304,Rhapta
5305,Ngong
5306,Riverside
5307,Ruaraka
5308,Lavington
5309,Westlands
5310,Mombasa
5311,Westlands
5312,Kilimani
5313,Karen
5314,Parklands
5315,Industrial
5316,Hurlingham
5317,Ruaraka
5318,Karen
5319,Laikipia
5320,Lavington
5322,Lavington
5323,Industrial
5325,Kiambu
5326,Karen
5327,Westlands
5328,Oliotoktok
5329,Redhill
5330,Kilimani
5331,Karen
5332,Lavington
5333,Hatheru
5334,Upper
5335,Ragati
5336,Parklands
5338,Bagathi
5339,Upperhill
5340,Parklands
5341,Thika
5342,Karen
5343,Karen
5344,Imara
5345,Kilimani
5346,Airport
5348,Westlands
5349,Lake
5350,Rhapta
5351,Riverside
5352,Runda
5353,Kilimani
5354,Near
5355,Westlands
5356,Parklands
5357,Kitisuru
5358,Lavington
5359,Lavington
5361,Mimosa
5362,Rosslyn
5364,Runda
5365,Runda
5366,Silanga
5367,Kilimani
5368,Kiambu
5369,Near
5370,Lavington
5371,Milimani
5372,Rossyln
5373,Lavington
5374,Kiambu
5375,Kilimani
5376,Runda
5377,Riverside
5378,Gigiri
5379,Westlands
5380,Runda
5381,Kileleshwa
5382,Kilimani
5383,Lavington
5384,Upper
5385,Shanzu
5387,Nyari
5388,Lavington
5389,Runda
5390,Lavington
5391,Riverside
5392,Kileleshwa
5393,Karen
5394,Kiambu
5395,Industrial
5396,Kabarnet
5397,Kilimani
5398,Lavington
5399,Lavington
5400,General
5401,Parklands
5402,Karen
5403,Rosslyn
5404,Loresho
5405,Riverside
5406,General
5407,Loresho
5408,Brookside
5410,Nyari
5411,Lavington
5412,Kiambu
5413,Kileleshwa
5414,Parklands
5415,Oledume
5416,Muthaiga
5417,Westlands
5418,Eldama
5419,Ngara
5420,Kileleshwa
5421,Harambee
5422,Kilimani
5423,St
5425,Kilimani
5426,Spring
5427,Westlands
5428,Riverside
5429,Kitisuru
5430,Kiambu
5431,Spring
5432,Old
5433,Runda
5434,Peponi
5435,Kiambu
5436,Westlands
5437,Westlands
5438,State
5439,Westlands
5440,Brookside
5441,Kileleshwa
5442,Lavington
5443,Kileleshwa
5444,Kilimani
5445,Mombasa
5446,Spring
5447,Kilimani
5448,Rhapta
5449,Kilimani
5450,Westlands
5451,Rhapta
5454,Karen
5456,Waiyaki
5457,Muthaiga
5458,Runda
5459,Muthaiga
5460,Westlands
5461,Thika
5462,Kileleshwa
5463,Brookside
5465,Spring
5466,Westlands
5467,Kiambu
5468,Lavington
5469,Kitusuru
5470,Runda
5471,Runda
5472,Lavington
5473,Lavington
5474,General
5475,Kilimani
5476,Kiambu
5477,Spring
5478,Kileleshwa
5479,Kilimani
5480,Karen
5481,Mombasa
5482,Kilimani
5483,Westlands
5485,Garden
5486,Westlands
5487,Spring
5488,Ridgeways
5489,Maziwa
5490,Kileleshwa
5491,Kiambu
5492,Rhapta
5493,Spring
5494,Riverside
5495,Karen
5496,Lavington
5497,Runda
5498,Kilimani
5499,Kilimani
5500,Old
5501,Nyari
5502,General
5503,Westlands
5504,Lavington
5505,Gigiri
5507,Brookside
5508,Runda
5509,Statehouse
5510,Karen
5511,Kilimani
5512,Lavington
5514,Ojijo
5515,Riverside
5516,Victoria
5517,Runda
5518,Gigiri
5519,Miotoni
5520,Riverside
5521,Rhapta
5522,Thigiri
5523,Parklands
5524,Riverside
5525,Muthaiga
5526,Lavington
5527,Panafric
5528,Rosslyn
5530,Kileleshwa
5531,Lavington
5532,1127k
5533,Runda
5534,Gigiri
5535,Kileleshwa
5536,Thigiri
5537,Kilimani
5538,Lavington
5539,Brookside
5540,Bagathi
5541,Lavington
5544,Runda
5545,Gigiri
5546,Kilimani
5547,Spring
5548,Kileleshwa
5549,Loresho
5550,Off
5551,Kilimani
5552,Rosslyn
5553,Riverside
5555,City
5556,Lavington
5557,Brookside
5558,Riverside
5559,Whispers
5560,Kileleshwa
5561,Mzima
5562,Kcb
5563,Riverside
5564,Spring
5565,Riverside
5566,Riverside
5567,Karen
5568,Kitisuru
5569,Garden
5571,Lower
5572,Westlands
5573,Kileleshwa
5575,Kilimani
5576,Waiyaki
5577,Westlands
5578,Runda
5579,Dennis
5580,Karura
5581,General
5582,Spring
5583,Kileleshwa
5584,General
5585,Riverside
5586,Runda
5587,Riverside
5588,Rosslyn
5589,Riverside
5590,Brookside
5591,Lavington
5592,Lavington
5593,Kitisuru
5594,Spring
5596,Runda
5597,Lavington
5598,Lavington
5599,Lavington
5600,Lavington
5601,Spring
5602,Muthangari
5603,Off
5605,Kilimani
5606,Industrial
5607,Ruaraka
5608,Thika
5609,Kileleshwa
5610,Windy
5611,Westlands
5612,Runda
5613,Runda
5615,Westlands
5616,General
5617,Parklands
5618,Karen
5619,Lavington
5620,Kileleshwa
5621,Rhapta
5622,Kitisuru
5623,Kileleshwa
5624,Lower
5625,Westlands
5626,Riverside
5627,Lavington
5628,Near
5629,Kiambu
5630,Mombasa
5631,Nyari
5632,Hatheru
5633,Karen
5634,Convent
5635,Two
5636,Runda
5637,Lavington
5638,Westlands
5639,Lower
5640,Parklands
5641,Kiambu
5642,Kileleshwa
5643,Runda
5644,Loresho
5645,Spring
5646,Thika
5647,Riverside
5648,Kilimani
5649,N/a
5650,Kileleshwa
5651,Brookside
5652,Rosslyn
5653,Kitisuru
5654,Westlands
5655,Runda
5656,Parklands
5657,Westlands
5658,Westlands
5659,Kileleshwa
5660,Bomas
5661,Muthaiga
5662,Kileleshwa
5663,Near
5664,Kilimani
5665,Kileleshwa
5666,Lavington
5667,Kitisuru
5668,Kitisuru
5669,Windsor
5670,Kilimani
5671,Kiambu
5672,Westlands
5673,Runda
5674,Lower
5675,Westlands
5676,Karen
5677,Runda
5678,Kilimani
5679,Gigiri
5680,Westlands
5681,Muthaiga
5682,Kitisuru
5683,Miotoni
5684,Thika
5685,Lower
5686,Kileleshwa
5687,Muthaiga
5688,Kileleshwa
5689,Lavington
5690,Kitisuru
5692,Riverside
5693,Lower
5694,Panafric
5698,Runda
5699,Lavington
5700,Mombasa
5702,Loresho
5703,Kilimani
5704,Lavington
5705,Karen
5706,Waiyaki
5707,Westlands
5708,Kileleshwa
5709,Runda
5710,Lower
5711,Westlands
5712,Hillcrest
5713,Kiambu
5714,Runda
5716,Siaya
5718,Karen
5719,Kolobot
5720,Mpaka
5721,General
5722,Kileleshwa
5723,Meadows
5724,Runda
5725,Riverside
5726,Mukoma
5727,Riverside
5730,Lavington
5731,Chambers
5732,Industrial
5733,Karen
5734,Road
5735,Nyamakima
5736,Hurlingham
5737,Ruaraka
5738,Karen
5739,Laikipia rd
5740,Lavington
5741,Karen
5742,Lavington
5743,Industrial area
5744,Road c
5745,Kiambu road
5746,Karen
5747,Westlands area
5748,Oliotoktok road
5750,Redhill
5751,Kilimani
5752,Karen
5753,Lavington
5754,Hatheru
5755,Upper hill
5756,Ragati rd
5757,Parklands
5758,Nyamakima
5759,Bagathi ridge
5760,Upperhill road
5761,Parklands
5762,Thika road
5763,Karen
5764,Karen
5766,Imara daima
5767,Kilimani
5768,Airport north road
14,Riverside
17,Westlands
31,Lake
37,Rhapta
38,Riverside
65,Runda
117,Kilimani
123,Near
175,Westlands
192,Parklands
197,Kitisuru
198,Lavington
204,Lavington
230,Kilimani
233,Mimosa
243,Rosslyn
267,Near
294,Runda
319,Runda
341,Silanga
351,Kilimani
352,Kiambu
365,Near
382,Lavington
409,Milimani
424,Rossyln
428,Lavington
434,Kiambu
477,Kilimani
483,Runda
513,Riverside
525,Gigiri
531,Westlands
550,Runda
569,Kileleshwa
575,Kilimani
583,Lavington
589,Upper
606,Shanzu
618,Runda
622,Nyari
626,Lavington
645,Runda
649,Lavington
652,Riverside
656,Kileleshwa
659,Karen
663,Kiambu
686,Industrial
687,Kabarnet
688,Kilimani
702,Lavington
717,Lavington
719,General
747,Parklands
765,Karen
773,Rosslyn
775,Loresho
783,Riverside
792,General
808,Loresho
831,Brookside
847,Kilimani
850,Nyari
866,Lavington
889,Kiambu
893,Kileleshwa
902,Parklands
910,Oledume
925,Muthaiga
955,Westlands
965,Eldama
973,Ngara
995,Kileleshwa
1001,Harambee
1019,Kilimani
1023,St
1046,Karen
1055,Kilimani
1058,Spring
1071,Westlands
1076,Riverside
1089,Kitisuru
1106,Kiambu
1124,Spring
1140,Old
1161,Runda
1169,Peponi
1179,Kiambu
1204,Westlands
1205,Westlands
1229,State
1239,Westlands
1262,Brookside
1266,Kileleshwa
1290,Lavington
1295,Kileleshwa
1308,Kilimani
1326,Mombasa
1345,Spring
1353,Kilimani
1367,Rhapta
1369,Kilimani
1392,Westlands
1411,Rhapta
1456,Runda
1514,Kiambu
1527,Karen
1551,Kileleshwa
1565,Waiyaki
1576,Muthaiga
1612,Runda
1647,Muthaiga
1657,Westlands
1693,Thika
1694,Kileleshwa
1712,Brookside
1716,Lavington
1718,Spring
1736,Westlands
1740,Kiambu
1754,Lavington
1757,Kitusuru
1762,Runda
1770,Runda
1787,Lavington
1805,Lavington
1829,General
1830,Kilimani
1833,Kiambu
1834,Spring
1842,Kileleshwa
1845,Kilimani
1848,Karen
1855,Mombasa
1864,Kilimani
1891,Westlands
1896,Mombasa
1907,Garden
1918,Westlands
1927,Spring
1936,Ridgeways
1959,Maziwa
1976,Kileleshwa
1978,Kiambu
1983,Rhapta
2005,Spring
2039,Riverside
2064,Karen
2065,Lavington
2077,Runda
2081,Kilimani
2097,Kilimani
2107,Old
2115,Nyari
2133,General
2148,Westlands
2164,Lavington
2165,Gigiri
2171,Runda
2174,Brookside
2186,Runda
2214,Statehouse
2215,Karen
2220,Kilimani
2250,Lavington
2253,Lower
2256,Ojijo
2262,Riverside
2265,Victoria
2279,Runda
2287,Gigiri
2292,Miotoni
2296,Riverside
2303,Rhapta
2314,Thigiri
2325,Parklands
2335,Riverside
2371,Muthaiga
2375,Lavington
2378,Panafric
2385,Rosslyn
2394,Kileleshwa
2399,Kileleshwa
2408,Lavington
2410,1127k
2416,Runda
2426,Gigiri
2428,Kileleshwa
2429,Thigiri
2434,Kilimani
2456,Lavington
2460,Brookside
2491,Bagathi
2498,Lavington
2525,Riverside
2572,Runda
2608,Runda
2625,Gigiri
2627,Kilimani
2650,Spring
2651,Kileleshwa
2665,Loresho
2666,Off
2672,Kilimani
2697,Rosslyn
2742,Riverside
2746,Riverside
2748,City
2758,Lavington
2797,Brookside
2854,Riverside
2864,Whispers
2865,Kileleshwa
2868,Mzima
2878,Kcb
2904,Riverside
2908,Spring
2929,Riverside
2940,Riverside
2957,Karen
2959,Kitisuru
2965,Garden
2966,Runda
2975,Lower
3016,Westlands
3018,Kileleshwa
3020,Kiambu
3029,Kilimani
3039,Waiyaki
3065,Westlands
3071,Runda
3081,Dennis
3094,Karura
3115,General
3136,Spring
3137,Kileleshwa
3142,General
3150,Riverside
3152,Runda
3157,Riverside
3167,Rosslyn
3179,Riverside
3180,Brookside
3214,Lavington
3246,Lavington
3269,Kitisuru
3285,Spring
3296,Valley
3318,Runda
3333,Lavington
3335,Lavington
3341,Lavington
3367,Lavington
3405,Spring
3456,Muthangari
3457,Off
3459,Bomas
3462,Kilimani
3464,Industrial
3536,Ruaraka
3540,Thika
3552,Kileleshwa
3559,Windy
3568,Westlands
3596,Runda
3608,Runda
3615,Lavington
3626,Westlands
3662,General
3676,Parklands
3686,Karen
3736,Lavington
3748,Kileleshwa
3750,Rhapta
3762,Kitisuru
3774,Kileleshwa
3775,Lower
3783,Westlands
3794,Riverside
3797,Lavington
3808,Near
3837,Kiambu
3852,Mombasa
3859,Nyari
3861,Hatheru
3868,Karen
3890,Convent
3903,Two
3908,Runda
3950,Lavington
3972,Westlands
3973,Lower
4027,Parklands
4067,Kiambu
4076,Kileleshwa
4083,Runda
4089,Loresho
4104,Spring
4120,Thika
4129,Riverside
4153,Kilimani
4187,N/a
4199,Kileleshwa
4209,Brookside
4213,Rosslyn
4223,Kitisuru
4273,Westlands
4274,Runda
4289,Parklands
4293,Westlands
4314,Westlands
4333,Kileleshwa
4342,Bomas
4356,Muthaiga
4365,Kileleshwa
4366,Near
4368,Kilimani
4371,Kileleshwa
4373,Lavington
4379,Kitisuru
4403,Kitisuru
4407,Windsor
4428,Kilimani
4429,Kiambu
4444,Westlands
4463,Runda
4474,Lower
4477,Westlands
4482,Karen
4497,Runda
4507,Kilimani
4511,Gigiri
4519,Westlands
4525,Muthaiga
4526,Kitisuru
4543,Miotoni
4563,Thika
4574,Lower
4596,Kileleshwa
4597,Muthaiga
4608,Kileleshwa
4610,Lavington
4629,Kitisuru
4634,Kilimani
4640,Riverside
4659,Lower
4685,Panafric
4686,Westlands
4701,Kileleshwa
4708,Embakasi
4731,Runda
4742,Lavington
4776,Mombasa
4788,Lavington
4790,Loresho
4806,Kilimani
4826,Lavington
4831,Karen
4847,Waiyaki
4852,Westlands
4854,Kileleshwa
4880,Runda
4893,Lower
4925,Westlands
4930,Hillcrest
4936,Kiambu
4937,Runda
4954,Westlands
4957,Siaya
4962,Runda
5001,Karen
5011,Kolobot
5044,Mpaka
5046,General
5062,Kileleshwa
5092,Meadows
5161,Runda
5163,Riverside
5214,Mukoma
5217,Riverside
5242,Bishop
5246,Mombasa
5273,Lavington
5278,Chambers
5290,Industrial
5321,Karen
5324,Road
5337,Nyamakima
5347,Riverside
5360,Kilimani
5363,Near
5386,Runda
5409,Kilimani
5424,Karen
5452,Runda
5453,Kiambu
5455,Kileleshwa
5464,Lavington
5484,Mombasa
5506,Runda
5513,Lower
5529,Kileleshwa
5542,Riverside
5543,Runda
5554,Riverside
5570,Runda
5574,Kiambu
5595,Valley
5604,Bomas
5614,Lavington
5691,Kilimani
5695,Westlands
5696,Kileleshwa
5697,Embakasi
5701,Lavington
5715,Westlands
5717,Runda
5728,Bishop
5729,Mombasa
